[{"model": "auth.permission", "pk": 1, "fields": {"name": "Can use Structure mode", "content_type": 1, "codename": "use_structure"}}, {"model": "auth.permission", "pk": 2, "fields": {"name": "Can change page", "content_type": 2, "codename": "change_page"}}, {"model": "auth.permission", "pk": 3, "fields": {"name": "Can add permission", "content_type": 3, "codename": "add_permission"}}, {"model": "auth.permission", "pk": 4, "fields": {"name": "Can change permission", "content_type": 3, "codename": "change_permission"}}, {"model": "auth.permission", "pk": 5, "fields": {"name": "Can delete permission", "content_type": 3, "codename": "delete_permission"}}, {"model": "auth.permission", "pk": 6, "fields": {"name": "Can view permission", "content_type": 3, "codename": "view_permission"}}, {"model": "auth.permission", "pk": 7, "fields": {"name": "Can add group", "content_type": 4, "codename": "add_group"}}, {"model": "auth.permission", "pk": 8, "fields": {"name": "Can change group", "content_type": 4, "codename": "change_group"}}, {"model": "auth.permission", "pk": 9, "fields": {"name": "Can delete group", "content_type": 4, "codename": "delete_group"}}, {"model": "auth.permission", "pk": 10, "fields": {"name": "Can view group", "content_type": 4, "codename": "view_group"}}, {"model": "auth.permission", "pk": 11, "fields": {"name": "Can add user", "content_type": 5, "codename": "add_user"}}, {"model": "auth.permission", "pk": 12, "fields": {"name": "Can change user", "content_type": 5, "codename": "change_user"}}, {"model": "auth.permission", "pk": 13, "fields": {"name": "Can delete user", "content_type": 5, "codename": "delete_user"}}, {"model": "auth.permission", "pk": 14, "fields": {"name": "Can view user", "content_type": 5, "codename": "view_user"}}, {"model": "auth.permission", "pk": 15, "fields": {"name": "Can add content type", "content_type": 6, "codename": "add_contenttype"}}, {"model": "auth.permission", "pk": 16, "fields": {"name": "Can change content type", "content_type": 6, "codename": "change_contenttype"}}, {"model": "auth.permission", "pk": 17, "fields": {"name": "Can delete content type", "content_type": 6, "codename": "delete_contenttype"}}, {"model": "auth.permission", "pk": 18, "fields": {"name": "Can view content type", "content_type": 6, "codename": "view_contenttype"}}, {"model": "auth.permission", "pk": 19, "fields": {"name": "Can add session", "content_type": 7, "codename": "add_session"}}, {"model": "auth.permission", "pk": 20, "fields": {"name": "Can change session", "content_type": 7, "codename": "change_session"}}, {"model": "auth.permission", "pk": 21, "fields": {"name": "Can delete session", "content_type": 7, "codename": "delete_session"}}, {"model": "auth.permission", "pk": 22, "fields": {"name": "Can view session", "content_type": 7, "codename": "view_session"}}, {"model": "auth.permission", "pk": 23, "fields": {"name": "Can add log entry", "content_type": 8, "codename": "add_logentry"}}, {"model": "auth.permission", "pk": 24, "fields": {"name": "Can change log entry", "content_type": 8, "codename": "change_logentry"}}, {"model": "auth.permission", "pk": 25, "fields": {"name": "Can delete log entry", "content_type": 8, "codename": "delete_logentry"}}, {"model": "auth.permission", "pk": 26, "fields": {"name": "Can view log entry", "content_type": 8, "codename": "view_logentry"}}, {"model": "auth.permission", "pk": 27, "fields": {"name": "Can add site", "content_type": 9, "codename": "add_site"}}, {"model": "auth.permission", "pk": 28, "fields": {"name": "Can change site", "content_type": 9, "codename": "change_site"}}, {"model": "auth.permission", "pk": 29, "fields": {"name": "Can delete site", "content_type": 9, "codename": "delete_site"}}, {"model": "auth.permission", "pk": 30, "fields": {"name": "Can view site", "content_type": 9, "codename": "view_site"}}, {"model": "auth.permission", "pk": 31, "fields": {"name": "Can add cms plugin", "content_type": 10, "codename": "add_cmsplugin"}}, {"model": "auth.permission", "pk": 32, "fields": {"name": "Can change cms plugin", "content_type": 10, "codename": "change_cmsplugin"}}, {"model": "auth.permission", "pk": 33, "fields": {"name": "Can delete cms plugin", "content_type": 10, "codename": "delete_cmsplugin"}}, {"model": "auth.permission", "pk": 34, "fields": {"name": "Can view cms plugin", "content_type": 10, "codename": "view_cmsplugin"}}, {"model": "auth.permission", "pk": 35, "fields": {"name": "Can add alias plugin model", "content_type": 11, "codename": "add_aliaspluginmodel"}}, {"model": "auth.permission", "pk": 36, "fields": {"name": "Can change alias plugin model", "content_type": 11, "codename": "change_aliaspluginmodel"}}, {"model": "auth.permission", "pk": 37, "fields": {"name": "Can delete alias plugin model", "content_type": 11, "codename": "delete_aliaspluginmodel"}}, {"model": "auth.permission", "pk": 38, "fields": {"name": "Can view alias plugin model", "content_type": 11, "codename": "view_aliaspluginmodel"}}, {"model": "auth.permission", "pk": 39, "fields": {"name": "Can add Page global permission", "content_type": 12, "codename": "add_globalpagepermission"}}, {"model": "auth.permission", "pk": 40, "fields": {"name": "Can change Page global permission", "content_type": 12, "codename": "change_globalpagepermission"}}, {"model": "auth.permission", "pk": 41, "fields": {"name": "Can delete Page global permission", "content_type": 12, "codename": "delete_globalpagepermission"}}, {"model": "auth.permission", "pk": 42, "fields": {"name": "Can view Page global permission", "content_type": 12, "codename": "view_globalpagepermission"}}, {"model": "auth.permission", "pk": 43, "fields": {"name": "Can add page", "content_type": 2, "codename": "add_page"}}, {"model": "auth.permission", "pk": 44, "fields": {"name": "Can delete page", "content_type": 2, "codename": "delete_page"}}, {"model": "auth.permission", "pk": 45, "fields": {"name": "Can view page", "content_type": 2, "codename": "view_page"}}, {"model": "auth.permission", "pk": 46, "fields": {"name": "Can publish page", "content_type": 2, "codename": "publish_page"}}, {"model": "auth.permission", "pk": 47, "fields": {"name": "Can edit static placeholders", "content_type": 2, "codename": "edit_static_placeholder"}}, {"model": "auth.permission", "pk": 48, "fields": {"name": "Can add Page permission", "content_type": 13, "codename": "add_pagepermission"}}, {"model": "auth.permission", "pk": 49, "fields": {"name": "Can change Page permission", "content_type": 13, "codename": "change_pagepermission"}}, {"model": "auth.permission", "pk": 50, "fields": {"name": "Can delete Page permission", "content_type": 13, "codename": "delete_pagepermission"}}, {"model": "auth.permission", "pk": 51, "fields": {"name": "Can view Page permission", "content_type": 13, "codename": "view_pagepermission"}}, {"model": "auth.permission", "pk": 52, "fields": {"name": "Can add User (page)", "content_type": 14, "codename": "add_pageuser"}}, {"model": "auth.permission", "pk": 53, "fields": {"name": "Can change User (page)", "content_type": 14, "codename": "change_pageuser"}}, {"model": "auth.permission", "pk": 54, "fields": {"name": "Can delete User (page)", "content_type": 14, "codename": "delete_pageuser"}}, {"model": "auth.permission", "pk": 55, "fields": {"name": "Can view User (page)", "content_type": 14, "codename": "view_pageuser"}}, {"model": "auth.permission", "pk": 56, "fields": {"name": "Can add User group (page)", "content_type": 15, "codename": "add_pageusergroup"}}, {"model": "auth.permission", "pk": 57, "fields": {"name": "Can change User group (page)", "content_type": 15, "codename": "change_pageusergroup"}}, {"model": "auth.permission", "pk": 58, "fields": {"name": "Can delete User group (page)", "content_type": 15, "codename": "delete_pageusergroup"}}, {"model": "auth.permission", "pk": 59, "fields": {"name": "Can view User group (page)", "content_type": 15, "codename": "view_pageusergroup"}}, {"model": "auth.permission", "pk": 60, "fields": {"name": "Can add placeholder", "content_type": 1, "codename": "add_placeholder"}}, {"model": "auth.permission", "pk": 61, "fields": {"name": "Can change placeholder", "content_type": 1, "codename": "change_placeholder"}}, {"model": "auth.permission", "pk": 62, "fields": {"name": "Can delete placeholder", "content_type": 1, "codename": "delete_placeholder"}}, {"model": "auth.permission", "pk": 63, "fields": {"name": "Can view placeholder", "content_type": 1, "codename": "view_placeholder"}}, {"model": "auth.permission", "pk": 64, "fields": {"name": "Can add placeholder reference", "content_type": 16, "codename": "add_placeholderreference"}}, {"model": "auth.permission", "pk": 65, "fields": {"name": "Can change placeholder reference", "content_type": 16, "codename": "change_placeholderreference"}}, {"model": "auth.permission", "pk": 66, "fields": {"name": "Can delete placeholder reference", "content_type": 16, "codename": "delete_placeholderreference"}}, {"model": "auth.permission", "pk": 67, "fields": {"name": "Can view placeholder reference", "content_type": 16, "codename": "view_placeholderreference"}}, {"model": "auth.permission", "pk": 68, "fields": {"name": "Can add static placeholder", "content_type": 17, "codename": "add_staticplaceholder"}}, {"model": "auth.permission", "pk": 69, "fields": {"name": "Can change static placeholder", "content_type": 17, "codename": "change_staticplaceholder"}}, {"model": "auth.permission", "pk": 70, "fields": {"name": "Can delete static placeholder", "content_type": 17, "codename": "delete_staticplaceholder"}}, {"model": "auth.permission", "pk": 71, "fields": {"name": "Can view static placeholder", "content_type": 17, "codename": "view_staticplaceholder"}}, {"model": "auth.permission", "pk": 72, "fields": {"name": "Can add title", "content_type": 18, "codename": "add_title"}}, {"model": "auth.permission", "pk": 73, "fields": {"name": "Can change title", "content_type": 18, "codename": "change_title"}}, {"model": "auth.permission", "pk": 74, "fields": {"name": "Can delete title", "content_type": 18, "codename": "delete_title"}}, {"model": "auth.permission", "pk": 75, "fields": {"name": "Can view title", "content_type": 18, "codename": "view_title"}}, {"model": "auth.permission", "pk": 76, "fields": {"name": "Can add user setting", "content_type": 19, "codename": "add_usersettings"}}, {"model": "auth.permission", "pk": 77, "fields": {"name": "Can change user setting", "content_type": 19, "codename": "change_usersettings"}}, {"model": "auth.permission", "pk": 78, "fields": {"name": "Can delete user setting", "content_type": 19, "codename": "delete_usersettings"}}, {"model": "auth.permission", "pk": 79, "fields": {"name": "Can view user setting", "content_type": 19, "codename": "view_usersettings"}}, {"model": "auth.permission", "pk": 80, "fields": {"name": "Can add urlconf revision", "content_type": 20, "codename": "add_urlconfrevision"}}, {"model": "auth.permission", "pk": 81, "fields": {"name": "Can change urlconf revision", "content_type": 20, "codename": "change_urlconfrevision"}}, {"model": "auth.permission", "pk": 82, "fields": {"name": "Can delete urlconf revision", "content_type": 20, "codename": "delete_urlconfrevision"}}, {"model": "auth.permission", "pk": 83, "fields": {"name": "Can view urlconf revision", "content_type": 20, "codename": "view_urlconfrevision"}}, {"model": "auth.permission", "pk": 84, "fields": {"name": "Can add cache key", "content_type": 23, "codename": "add_cachekey"}}, {"model": "auth.permission", "pk": 85, "fields": {"name": "Can change cache key", "content_type": 23, "codename": "change_cachekey"}}, {"model": "auth.permission", "pk": 86, "fields": {"name": "Can delete cache key", "content_type": 23, "codename": "delete_cachekey"}}, {"model": "auth.permission", "pk": 87, "fields": {"name": "Can view cache key", "content_type": 23, "codename": "view_cachekey"}}, {"model": "auth.permission", "pk": 88, "fields": {"name": "Can add text", "content_type": 24, "codename": "add_text"}}, {"model": "auth.permission", "pk": 89, "fields": {"name": "Can change text", "content_type": 24, "codename": "change_text"}}, {"model": "auth.permission", "pk": 90, "fields": {"name": "Can delete text", "content_type": 24, "codename": "delete_text"}}, {"model": "auth.permission", "pk": 91, "fields": {"name": "Can view text", "content_type": 24, "codename": "view_text"}}, {"model": "auth.permission", "pk": 92, "fields": {"name": "Can add clipboard", "content_type": 25, "codename": "add_clipboard"}}, {"model": "auth.permission", "pk": 93, "fields": {"name": "Can change clipboard", "content_type": 25, "codename": "change_clipboard"}}, {"model": "auth.permission", "pk": 94, "fields": {"name": "Can delete clipboard", "content_type": 25, "codename": "delete_clipboard"}}, {"model": "auth.permission", "pk": 95, "fields": {"name": "Can view clipboard", "content_type": 25, "codename": "view_clipboard"}}, {"model": "auth.permission", "pk": 96, "fields": {"name": "Can add clipboard item", "content_type": 26, "codename": "add_clipboarditem"}}, {"model": "auth.permission", "pk": 97, "fields": {"name": "Can change clipboard item", "content_type": 26, "codename": "change_clipboarditem"}}, {"model": "auth.permission", "pk": 98, "fields": {"name": "Can delete clipboard item", "content_type": 26, "codename": "delete_clipboarditem"}}, {"model": "auth.permission", "pk": 99, "fields": {"name": "Can view clipboard item", "content_type": 26, "codename": "view_clipboarditem"}}, {"model": "auth.permission", "pk": 100, "fields": {"name": "Can add file", "content_type": 27, "codename": "add_file"}}, {"model": "auth.permission", "pk": 101, "fields": {"name": "Can change file", "content_type": 27, "codename": "change_file"}}, {"model": "auth.permission", "pk": 102, "fields": {"name": "Can delete file", "content_type": 27, "codename": "delete_file"}}, {"model": "auth.permission", "pk": 103, "fields": {"name": "Can view file", "content_type": 27, "codename": "view_file"}}, {"model": "auth.permission", "pk": 104, "fields": {"name": "Can add Folder", "content_type": 28, "codename": "add_folder"}}, {"model": "auth.permission", "pk": 105, "fields": {"name": "Can change Folder", "content_type": 28, "codename": "change_folder"}}, {"model": "auth.permission", "pk": 106, "fields": {"name": "Can delete Folder", "content_type": 28, "codename": "delete_folder"}}, {"model": "auth.permission", "pk": 107, "fields": {"name": "Can view Folder", "content_type": 28, "codename": "view_folder"}}, {"model": "auth.permission", "pk": 108, "fields": {"name": "Can use directory listing", "content_type": 28, "codename": "can_use_directory_listing"}}, {"model": "auth.permission", "pk": 109, "fields": {"name": "Can add folder permission", "content_type": 29, "codename": "add_folderpermission"}}, {"model": "auth.permission", "pk": 110, "fields": {"name": "Can change folder permission", "content_type": 29, "codename": "change_folderpermission"}}, {"model": "auth.permission", "pk": 111, "fields": {"name": "Can delete folder permission", "content_type": 29, "codename": "delete_folderpermission"}}, {"model": "auth.permission", "pk": 112, "fields": {"name": "Can view folder permission", "content_type": 29, "codename": "view_folderpermission"}}, {"model": "auth.permission", "pk": 113, "fields": {"name": "Can add image", "content_type": 30, "codename": "add_image"}}, {"model": "auth.permission", "pk": 114, "fields": {"name": "Can change image", "content_type": 30, "codename": "change_image"}}, {"model": "auth.permission", "pk": 115, "fields": {"name": "Can delete image", "content_type": 30, "codename": "delete_image"}}, {"model": "auth.permission", "pk": 116, "fields": {"name": "Can view image", "content_type": 30, "codename": "view_image"}}, {"model": "auth.permission", "pk": 117, "fields": {"name": "Can add thumbnail option", "content_type": 31, "codename": "add_thumbnailoption"}}, {"model": "auth.permission", "pk": 118, "fields": {"name": "Can change thumbnail option", "content_type": 31, "codename": "change_thumbnailoption"}}, {"model": "auth.permission", "pk": 119, "fields": {"name": "Can delete thumbnail option", "content_type": 31, "codename": "delete_thumbnailoption"}}, {"model": "auth.permission", "pk": 120, "fields": {"name": "Can view thumbnail option", "content_type": 31, "codename": "view_thumbnailoption"}}, {"model": "auth.permission", "pk": 121, "fields": {"name": "Can add source", "content_type": 32, "codename": "add_source"}}, {"model": "auth.permission", "pk": 122, "fields": {"name": "Can change source", "content_type": 32, "codename": "change_source"}}, {"model": "auth.permission", "pk": 123, "fields": {"name": "Can delete source", "content_type": 32, "codename": "delete_source"}}, {"model": "auth.permission", "pk": 124, "fields": {"name": "Can view source", "content_type": 32, "codename": "view_source"}}, {"model": "auth.permission", "pk": 125, "fields": {"name": "Can add thumbnail", "content_type": 33, "codename": "add_thumbnail"}}, {"model": "auth.permission", "pk": 126, "fields": {"name": "Can change thumbnail", "content_type": 33, "codename": "change_thumbnail"}}, {"model": "auth.permission", "pk": 127, "fields": {"name": "Can delete thumbnail", "content_type": 33, "codename": "delete_thumbnail"}}, {"model": "auth.permission", "pk": 128, "fields": {"name": "Can view thumbnail", "content_type": 33, "codename": "view_thumbnail"}}, {"model": "auth.permission", "pk": 129, "fields": {"name": "Can add thumbnail dimensions", "content_type": 34, "codename": "add_thumbnaildimensions"}}, {"model": "auth.permission", "pk": 130, "fields": {"name": "Can change thumbnail dimensions", "content_type": 34, "codename": "change_thumbnaildimensions"}}, {"model": "auth.permission", "pk": 131, "fields": {"name": "Can delete thumbnail dimensions", "content_type": 34, "codename": "delete_thumbnaildimensions"}}, {"model": "auth.permission", "pk": 132, "fields": {"name": "Can view thumbnail dimensions", "content_type": 34, "codename": "view_thumbnaildimensions"}}, {"model": "auth.permission", "pk": 133, "fields": {"name": "Can add bootstrap4 alerts", "content_type": 35, "codename": "add_bootstrap4alerts"}}, {"model": "auth.permission", "pk": 134, "fields": {"name": "Can change bootstrap4 alerts", "content_type": 35, "codename": "change_bootstrap4alerts"}}, {"model": "auth.permission", "pk": 135, "fields": {"name": "Can delete bootstrap4 alerts", "content_type": 35, "codename": "delete_bootstrap4alerts"}}, {"model": "auth.permission", "pk": 136, "fields": {"name": "Can view bootstrap4 alerts", "content_type": 35, "codename": "view_bootstrap4alerts"}}, {"model": "auth.permission", "pk": 137, "fields": {"name": "Can add bootstrap4 badge", "content_type": 36, "codename": "add_bootstrap4badge"}}, {"model": "auth.permission", "pk": 138, "fields": {"name": "Can change bootstrap4 badge", "content_type": 36, "codename": "change_bootstrap4badge"}}, {"model": "auth.permission", "pk": 139, "fields": {"name": "Can delete bootstrap4 badge", "content_type": 36, "codename": "delete_bootstrap4badge"}}, {"model": "auth.permission", "pk": 140, "fields": {"name": "Can view bootstrap4 badge", "content_type": 36, "codename": "view_bootstrap4badge"}}, {"model": "auth.permission", "pk": 141, "fields": {"name": "Can add bootstrap4 card", "content_type": 37, "codename": "add_bootstrap4card"}}, {"model": "auth.permission", "pk": 142, "fields": {"name": "Can change bootstrap4 card", "content_type": 37, "codename": "change_bootstrap4card"}}, {"model": "auth.permission", "pk": 143, "fields": {"name": "Can delete bootstrap4 card", "content_type": 37, "codename": "delete_bootstrap4card"}}, {"model": "auth.permission", "pk": 144, "fields": {"name": "Can view bootstrap4 card", "content_type": 37, "codename": "view_bootstrap4card"}}, {"model": "auth.permission", "pk": 145, "fields": {"name": "Can add bootstrap4 card inner", "content_type": 38, "codename": "add_bootstrap4cardinner"}}, {"model": "auth.permission", "pk": 146, "fields": {"name": "Can change bootstrap4 card inner", "content_type": 38, "codename": "change_bootstrap4cardinner"}}, {"model": "auth.permission", "pk": 147, "fields": {"name": "Can delete bootstrap4 card inner", "content_type": 38, "codename": "delete_bootstrap4cardinner"}}, {"model": "auth.permission", "pk": 148, "fields": {"name": "Can view bootstrap4 card inner", "content_type": 38, "codename": "view_bootstrap4cardinner"}}, {"model": "auth.permission", "pk": 149, "fields": {"name": "Can add bootstrap4 carousel", "content_type": 39, "codename": "add_bootstrap4carousel"}}, {"model": "auth.permission", "pk": 150, "fields": {"name": "Can change bootstrap4 carousel", "content_type": 39, "codename": "change_bootstrap4carousel"}}, {"model": "auth.permission", "pk": 151, "fields": {"name": "Can delete bootstrap4 carousel", "content_type": 39, "codename": "delete_bootstrap4carousel"}}, {"model": "auth.permission", "pk": 152, "fields": {"name": "Can view bootstrap4 carousel", "content_type": 39, "codename": "view_bootstrap4carousel"}}, {"model": "auth.permission", "pk": 153, "fields": {"name": "Can add bootstrap4 carousel slide", "content_type": 40, "codename": "add_bootstrap4carouselslide"}}, {"model": "auth.permission", "pk": 154, "fields": {"name": "Can change bootstrap4 carousel slide", "content_type": 40, "codename": "change_bootstrap4carouselslide"}}, {"model": "auth.permission", "pk": 155, "fields": {"name": "Can delete bootstrap4 carousel slide", "content_type": 40, "codename": "delete_bootstrap4carouselslide"}}, {"model": "auth.permission", "pk": 156, "fields": {"name": "Can view bootstrap4 carousel slide", "content_type": 40, "codename": "view_bootstrap4carouselslide"}}, {"model": "auth.permission", "pk": 157, "fields": {"name": "Can add bootstrap4 collapse", "content_type": 41, "codename": "add_bootstrap4collapse"}}, {"model": "auth.permission", "pk": 158, "fields": {"name": "Can change bootstrap4 collapse", "content_type": 41, "codename": "change_bootstrap4collapse"}}, {"model": "auth.permission", "pk": 159, "fields": {"name": "Can delete bootstrap4 collapse", "content_type": 41, "codename": "delete_bootstrap4collapse"}}, {"model": "auth.permission", "pk": 160, "fields": {"name": "Can view bootstrap4 collapse", "content_type": 41, "codename": "view_bootstrap4collapse"}}, {"model": "auth.permission", "pk": 161, "fields": {"name": "Can add bootstrap4 collapse container", "content_type": 42, "codename": "add_bootstrap4collapsecontainer"}}, {"model": "auth.permission", "pk": 162, "fields": {"name": "Can change bootstrap4 collapse container", "content_type": 42, "codename": "change_bootstrap4collapsecontainer"}}, {"model": "auth.permission", "pk": 163, "fields": {"name": "Can delete bootstrap4 collapse container", "content_type": 42, "codename": "delete_bootstrap4collapsecontainer"}}, {"model": "auth.permission", "pk": 164, "fields": {"name": "Can view bootstrap4 collapse container", "content_type": 42, "codename": "view_bootstrap4collapsecontainer"}}, {"model": "auth.permission", "pk": 165, "fields": {"name": "Can add bootstrap4 collapse trigger", "content_type": 43, "codename": "add_bootstrap4collapsetrigger"}}, {"model": "auth.permission", "pk": 166, "fields": {"name": "Can change bootstrap4 collapse trigger", "content_type": 43, "codename": "change_bootstrap4collapsetrigger"}}, {"model": "auth.permission", "pk": 167, "fields": {"name": "Can delete bootstrap4 collapse trigger", "content_type": 43, "codename": "delete_bootstrap4collapsetrigger"}}, {"model": "auth.permission", "pk": 168, "fields": {"name": "Can view bootstrap4 collapse trigger", "content_type": 43, "codename": "view_bootstrap4collapsetrigger"}}, {"model": "auth.permission", "pk": 169, "fields": {"name": "Can add bootstrap4 blockquote", "content_type": 44, "codename": "add_bootstrap4blockquote"}}, {"model": "auth.permission", "pk": 170, "fields": {"name": "Can change bootstrap4 blockquote", "content_type": 44, "codename": "change_bootstrap4blockquote"}}, {"model": "auth.permission", "pk": 171, "fields": {"name": "Can delete bootstrap4 blockquote", "content_type": 44, "codename": "delete_bootstrap4blockquote"}}, {"model": "auth.permission", "pk": 172, "fields": {"name": "Can view bootstrap4 blockquote", "content_type": 44, "codename": "view_bootstrap4blockquote"}}, {"model": "auth.permission", "pk": 173, "fields": {"name": "Can add bootstrap4 code", "content_type": 45, "codename": "add_bootstrap4code"}}, {"model": "auth.permission", "pk": 174, "fields": {"name": "Can change bootstrap4 code", "content_type": 45, "codename": "change_bootstrap4code"}}, {"model": "auth.permission", "pk": 175, "fields": {"name": "Can delete bootstrap4 code", "content_type": 45, "codename": "delete_bootstrap4code"}}, {"model": "auth.permission", "pk": 176, "fields": {"name": "Can view bootstrap4 code", "content_type": 45, "codename": "view_bootstrap4code"}}, {"model": "auth.permission", "pk": 177, "fields": {"name": "Can add bootstrap4 figure", "content_type": 46, "codename": "add_bootstrap4figure"}}, {"model": "auth.permission", "pk": 178, "fields": {"name": "Can change bootstrap4 figure", "content_type": 46, "codename": "change_bootstrap4figure"}}, {"model": "auth.permission", "pk": 179, "fields": {"name": "Can delete bootstrap4 figure", "content_type": 46, "codename": "delete_bootstrap4figure"}}, {"model": "auth.permission", "pk": 180, "fields": {"name": "Can view bootstrap4 figure", "content_type": 46, "codename": "view_bootstrap4figure"}}, {"model": "auth.permission", "pk": 181, "fields": {"name": "Can add bootstrap4 grid column", "content_type": 47, "codename": "add_bootstrap4gridcolumn"}}, {"model": "auth.permission", "pk": 182, "fields": {"name": "Can change bootstrap4 grid column", "content_type": 47, "codename": "change_bootstrap4gridcolumn"}}, {"model": "auth.permission", "pk": 183, "fields": {"name": "Can delete bootstrap4 grid column", "content_type": 47, "codename": "delete_bootstrap4gridcolumn"}}, {"model": "auth.permission", "pk": 184, "fields": {"name": "Can view bootstrap4 grid column", "content_type": 47, "codename": "view_bootstrap4gridcolumn"}}, {"model": "auth.permission", "pk": 185, "fields": {"name": "Can add bootstrap4 grid container", "content_type": 48, "codename": "add_bootstrap4gridcontainer"}}, {"model": "auth.permission", "pk": 186, "fields": {"name": "Can change bootstrap4 grid container", "content_type": 48, "codename": "change_bootstrap4gridcontainer"}}, {"model": "auth.permission", "pk": 187, "fields": {"name": "Can delete bootstrap4 grid container", "content_type": 48, "codename": "delete_bootstrap4gridcontainer"}}, {"model": "auth.permission", "pk": 188, "fields": {"name": "Can view bootstrap4 grid container", "content_type": 48, "codename": "view_bootstrap4gridcontainer"}}, {"model": "auth.permission", "pk": 189, "fields": {"name": "Can add bootstrap4 grid row", "content_type": 49, "codename": "add_bootstrap4gridrow"}}, {"model": "auth.permission", "pk": 190, "fields": {"name": "Can change bootstrap4 grid row", "content_type": 49, "codename": "change_bootstrap4gridrow"}}, {"model": "auth.permission", "pk": 191, "fields": {"name": "Can delete bootstrap4 grid row", "content_type": 49, "codename": "delete_bootstrap4gridrow"}}, {"model": "auth.permission", "pk": 192, "fields": {"name": "Can view bootstrap4 grid row", "content_type": 49, "codename": "view_bootstrap4gridrow"}}, {"model": "auth.permission", "pk": 193, "fields": {"name": "Can add bootstrap4 jumbotron", "content_type": 50, "codename": "add_bootstrap4jumbotron"}}, {"model": "auth.permission", "pk": 194, "fields": {"name": "Can change bootstrap4 jumbotron", "content_type": 50, "codename": "change_bootstrap4jumbotron"}}, {"model": "auth.permission", "pk": 195, "fields": {"name": "Can delete bootstrap4 jumbotron", "content_type": 50, "codename": "delete_bootstrap4jumbotron"}}, {"model": "auth.permission", "pk": 196, "fields": {"name": "Can view bootstrap4 jumbotron", "content_type": 50, "codename": "view_bootstrap4jumbotron"}}, {"model": "auth.permission", "pk": 197, "fields": {"name": "Can add bootstrap4 link", "content_type": 51, "codename": "add_bootstrap4link"}}, {"model": "auth.permission", "pk": 198, "fields": {"name": "Can change bootstrap4 link", "content_type": 51, "codename": "change_bootstrap4link"}}, {"model": "auth.permission", "pk": 199, "fields": {"name": "Can delete bootstrap4 link", "content_type": 51, "codename": "delete_bootstrap4link"}}, {"model": "auth.permission", "pk": 200, "fields": {"name": "Can view bootstrap4 link", "content_type": 51, "codename": "view_bootstrap4link"}}, {"model": "auth.permission", "pk": 201, "fields": {"name": "Can add bootstrap4 list group", "content_type": 52, "codename": "add_bootstrap4listgroup"}}, {"model": "auth.permission", "pk": 202, "fields": {"name": "Can change bootstrap4 list group", "content_type": 52, "codename": "change_bootstrap4listgroup"}}, {"model": "auth.permission", "pk": 203, "fields": {"name": "Can delete bootstrap4 list group", "content_type": 52, "codename": "delete_bootstrap4listgroup"}}, {"model": "auth.permission", "pk": 204, "fields": {"name": "Can view bootstrap4 list group", "content_type": 52, "codename": "view_bootstrap4listgroup"}}, {"model": "auth.permission", "pk": 205, "fields": {"name": "Can add bootstrap4 list group item", "content_type": 53, "codename": "add_bootstrap4listgroupitem"}}, {"model": "auth.permission", "pk": 206, "fields": {"name": "Can change bootstrap4 list group item", "content_type": 53, "codename": "change_bootstrap4listgroupitem"}}, {"model": "auth.permission", "pk": 207, "fields": {"name": "Can delete bootstrap4 list group item", "content_type": 53, "codename": "delete_bootstrap4listgroupitem"}}, {"model": "auth.permission", "pk": 208, "fields": {"name": "Can view bootstrap4 list group item", "content_type": 53, "codename": "view_bootstrap4listgroupitem"}}, {"model": "auth.permission", "pk": 209, "fields": {"name": "Can add bootstrap4 media", "content_type": 54, "codename": "add_bootstrap4media"}}, {"model": "auth.permission", "pk": 210, "fields": {"name": "Can change bootstrap4 media", "content_type": 54, "codename": "change_bootstrap4media"}}, {"model": "auth.permission", "pk": 211, "fields": {"name": "Can delete bootstrap4 media", "content_type": 54, "codename": "delete_bootstrap4media"}}, {"model": "auth.permission", "pk": 212, "fields": {"name": "Can view bootstrap4 media", "content_type": 54, "codename": "view_bootstrap4media"}}, {"model": "auth.permission", "pk": 213, "fields": {"name": "Can add bootstrap4 media body", "content_type": 55, "codename": "add_bootstrap4mediabody"}}, {"model": "auth.permission", "pk": 214, "fields": {"name": "Can change bootstrap4 media body", "content_type": 55, "codename": "change_bootstrap4mediabody"}}, {"model": "auth.permission", "pk": 215, "fields": {"name": "Can delete bootstrap4 media body", "content_type": 55, "codename": "delete_bootstrap4mediabody"}}, {"model": "auth.permission", "pk": 216, "fields": {"name": "Can view bootstrap4 media body", "content_type": 55, "codename": "view_bootstrap4mediabody"}}, {"model": "auth.permission", "pk": 217, "fields": {"name": "Can add bootstrap4 picture", "content_type": 56, "codename": "add_bootstrap4picture"}}, {"model": "auth.permission", "pk": 218, "fields": {"name": "Can change bootstrap4 picture", "content_type": 56, "codename": "change_bootstrap4picture"}}, {"model": "auth.permission", "pk": 219, "fields": {"name": "Can delete bootstrap4 picture", "content_type": 56, "codename": "delete_bootstrap4picture"}}, {"model": "auth.permission", "pk": 220, "fields": {"name": "Can view bootstrap4 picture", "content_type": 56, "codename": "view_bootstrap4picture"}}, {"model": "auth.permission", "pk": 221, "fields": {"name": "Can add bootstrap4 tab", "content_type": 57, "codename": "add_bootstrap4tab"}}, {"model": "auth.permission", "pk": 222, "fields": {"name": "Can change bootstrap4 tab", "content_type": 57, "codename": "change_bootstrap4tab"}}, {"model": "auth.permission", "pk": 223, "fields": {"name": "Can delete bootstrap4 tab", "content_type": 57, "codename": "delete_bootstrap4tab"}}, {"model": "auth.permission", "pk": 224, "fields": {"name": "Can view bootstrap4 tab", "content_type": 57, "codename": "view_bootstrap4tab"}}, {"model": "auth.permission", "pk": 225, "fields": {"name": "Can add bootstrap4 tab item", "content_type": 58, "codename": "add_bootstrap4tabitem"}}, {"model": "auth.permission", "pk": 226, "fields": {"name": "Can change bootstrap4 tab item", "content_type": 58, "codename": "change_bootstrap4tabitem"}}, {"model": "auth.permission", "pk": 227, "fields": {"name": "Can delete bootstrap4 tab item", "content_type": 58, "codename": "delete_bootstrap4tabitem"}}, {"model": "auth.permission", "pk": 228, "fields": {"name": "Can view bootstrap4 tab item", "content_type": 58, "codename": "view_bootstrap4tabitem"}}, {"model": "auth.permission", "pk": 229, "fields": {"name": "Can add bootstrap4 spacing", "content_type": 59, "codename": "add_bootstrap4spacing"}}, {"model": "auth.permission", "pk": 230, "fields": {"name": "Can change bootstrap4 spacing", "content_type": 59, "codename": "change_bootstrap4spacing"}}, {"model": "auth.permission", "pk": 231, "fields": {"name": "Can delete bootstrap4 spacing", "content_type": 59, "codename": "delete_bootstrap4spacing"}}, {"model": "auth.permission", "pk": 232, "fields": {"name": "Can view bootstrap4 spacing", "content_type": 59, "codename": "view_bootstrap4spacing"}}, {"model": "auth.permission", "pk": 233, "fields": {"name": "Can add file", "content_type": 60, "codename": "add_file"}}, {"model": "auth.permission", "pk": 234, "fields": {"name": "Can change file", "content_type": 60, "codename": "change_file"}}, {"model": "auth.permission", "pk": 235, "fields": {"name": "Can delete file", "content_type": 60, "codename": "delete_file"}}, {"model": "auth.permission", "pk": 236, "fields": {"name": "Can view file", "content_type": 60, "codename": "view_file"}}, {"model": "auth.permission", "pk": 237, "fields": {"name": "Can add folder", "content_type": 61, "codename": "add_folder"}}, {"model": "auth.permission", "pk": 238, "fields": {"name": "Can change folder", "content_type": 61, "codename": "change_folder"}}, {"model": "auth.permission", "pk": 239, "fields": {"name": "Can delete folder", "content_type": 61, "codename": "delete_folder"}}, {"model": "auth.permission", "pk": 240, "fields": {"name": "Can view folder", "content_type": 61, "codename": "view_folder"}}, {"model": "auth.permission", "pk": 241, "fields": {"name": "Can add icon", "content_type": 62, "codename": "add_icon"}}, {"model": "auth.permission", "pk": 242, "fields": {"name": "Can change icon", "content_type": 62, "codename": "change_icon"}}, {"model": "auth.permission", "pk": 243, "fields": {"name": "Can delete icon", "content_type": 62, "codename": "delete_icon"}}, {"model": "auth.permission", "pk": 244, "fields": {"name": "Can view icon", "content_type": 62, "codename": "view_icon"}}, {"model": "auth.permission", "pk": 245, "fields": {"name": "Can add link", "content_type": 63, "codename": "add_link"}}, {"model": "auth.permission", "pk": 246, "fields": {"name": "Can change link", "content_type": 63, "codename": "change_link"}}, {"model": "auth.permission", "pk": 247, "fields": {"name": "Can delete link", "content_type": 63, "codename": "delete_link"}}, {"model": "auth.permission", "pk": 248, "fields": {"name": "Can view link", "content_type": 63, "codename": "view_link"}}, {"model": "auth.permission", "pk": 249, "fields": {"name": "Can add picture", "content_type": 64, "codename": "add_picture"}}, {"model": "auth.permission", "pk": 250, "fields": {"name": "Can change picture", "content_type": 64, "codename": "change_picture"}}, {"model": "auth.permission", "pk": 251, "fields": {"name": "Can delete picture", "content_type": 64, "codename": "delete_picture"}}, {"model": "auth.permission", "pk": 252, "fields": {"name": "Can view picture", "content_type": 64, "codename": "view_picture"}}, {"model": "auth.permission", "pk": 253, "fields": {"name": "Can add style", "content_type": 65, "codename": "add_style"}}, {"model": "auth.permission", "pk": 254, "fields": {"name": "Can change style", "content_type": 65, "codename": "change_style"}}, {"model": "auth.permission", "pk": 255, "fields": {"name": "Can delete style", "content_type": 65, "codename": "delete_style"}}, {"model": "auth.permission", "pk": 256, "fields": {"name": "Can view style", "content_type": 65, "codename": "view_style"}}, {"model": "auth.permission", "pk": 257, "fields": {"name": "Can add google map", "content_type": 66, "codename": "add_googlemap"}}, {"model": "auth.permission", "pk": 258, "fields": {"name": "Can change google map", "content_type": 66, "codename": "change_googlemap"}}, {"model": "auth.permission", "pk": 259, "fields": {"name": "Can delete google map", "content_type": 66, "codename": "delete_googlemap"}}, {"model": "auth.permission", "pk": 260, "fields": {"name": "Can view google map", "content_type": 66, "codename": "view_googlemap"}}, {"model": "auth.permission", "pk": 261, "fields": {"name": "Can add google map marker", "content_type": 67, "codename": "add_googlemapmarker"}}, {"model": "auth.permission", "pk": 262, "fields": {"name": "Can change google map marker", "content_type": 67, "codename": "change_googlemapmarker"}}, {"model": "auth.permission", "pk": 263, "fields": {"name": "Can delete google map marker", "content_type": 67, "codename": "delete_googlemapmarker"}}, {"model": "auth.permission", "pk": 264, "fields": {"name": "Can view google map marker", "content_type": 67, "codename": "view_googlemapmarker"}}, {"model": "auth.permission", "pk": 265, "fields": {"name": "Can add google map route", "content_type": 68, "codename": "add_googlemaproute"}}, {"model": "auth.permission", "pk": 266, "fields": {"name": "Can change google map route", "content_type": 68, "codename": "change_googlemaproute"}}, {"model": "auth.permission", "pk": 267, "fields": {"name": "Can delete google map route", "content_type": 68, "codename": "delete_googlemaproute"}}, {"model": "auth.permission", "pk": 268, "fields": {"name": "Can view google map route", "content_type": 68, "codename": "view_googlemaproute"}}, {"model": "auth.permission", "pk": 269, "fields": {"name": "Can add video player", "content_type": 69, "codename": "add_videoplayer"}}, {"model": "auth.permission", "pk": 270, "fields": {"name": "Can change video player", "content_type": 69, "codename": "change_videoplayer"}}, {"model": "auth.permission", "pk": 271, "fields": {"name": "Can delete video player", "content_type": 69, "codename": "delete_videoplayer"}}, {"model": "auth.permission", "pk": 272, "fields": {"name": "Can view video player", "content_type": 69, "codename": "view_videoplayer"}}, {"model": "auth.permission", "pk": 273, "fields": {"name": "Can add video source", "content_type": 70, "codename": "add_videosource"}}, {"model": "auth.permission", "pk": 274, "fields": {"name": "Can change video source", "content_type": 70, "codename": "change_videosource"}}, {"model": "auth.permission", "pk": 275, "fields": {"name": "Can delete video source", "content_type": 70, "codename": "delete_videosource"}}, {"model": "auth.permission", "pk": 276, "fields": {"name": "Can view video source", "content_type": 70, "codename": "view_videosource"}}, {"model": "auth.permission", "pk": 277, "fields": {"name": "Can add video track", "content_type": 71, "codename": "add_videotrack"}}, {"model": "auth.permission", "pk": 278, "fields": {"name": "Can change video track", "content_type": 71, "codename": "change_videotrack"}}, {"model": "auth.permission", "pk": 279, "fields": {"name": "Can delete video track", "content_type": 71, "codename": "delete_videotrack"}}, {"model": "auth.permission", "pk": 280, "fields": {"name": "Can view video track", "content_type": 71, "codename": "view_videotrack"}}, {"model": "auth.user", "pk": 1, "fields": {"password": "pbkdf2_sha256$216000$K8mjRlR9rLht$wGv53Ts2deDkDi5zbVlksrmkqOkTNGlNsZtHyQYaQaI=", "last_login": "2024-05-11T09:07:17.235Z", "is_superuser": true, "username": "admin", "first_name": "", "last_name": "", "email": "admin@admin.com", "is_staff": true, "is_active": true, "date_joined": "2024-05-09T10:22:40.163Z", "groups": [], "user_permissions": []}}, {"model": "contenttypes.contenttype", "pk": 1, "fields": {"app_label": "cms", "model": "placeholder"}}, {"model": "contenttypes.contenttype", "pk": 2, "fields": {"app_label": "cms", "model": "page"}}, {"model": "contenttypes.contenttype", "pk": 3, "fields": {"app_label": "auth", "model": "permission"}}, {"model": "contenttypes.contenttype", "pk": 4, "fields": {"app_label": "auth", "model": "group"}}, {"model": "contenttypes.contenttype", "pk": 5, "fields": {"app_label": "auth", "model": "user"}}, {"model": "contenttypes.contenttype", "pk": 6, "fields": {"app_label": "contenttypes", "model": "contenttype"}}, {"model": "contenttypes.contenttype", "pk": 7, "fields": {"app_label": "sessions", "model": "session"}}, {"model": "contenttypes.contenttype", "pk": 8, "fields": {"app_label": "admin", "model": "logentry"}}, {"model": "contenttypes.contenttype", "pk": 9, "fields": {"app_label": "sites", "model": "site"}}, {"model": "contenttypes.contenttype", "pk": 10, "fields": {"app_label": "cms", "model": "cmsplugin"}}, {"model": "contenttypes.contenttype", "pk": 11, "fields": {"app_label": "cms", "model": "aliaspluginmodel"}}, {"model": "contenttypes.contenttype", "pk": 12, "fields": {"app_label": "cms", "model": "globalpagepermission"}}, {"model": "contenttypes.contenttype", "pk": 13, "fields": {"app_label": "cms", "model": "pagepermission"}}, {"model": "contenttypes.contenttype", "pk": 14, "fields": {"app_label": "cms", "model": "pageuser"}}, {"model": "contenttypes.contenttype", "pk": 15, "fields": {"app_label": "cms", "model": "pageusergroup"}}, {"model": "contenttypes.contenttype", "pk": 16, "fields": {"app_label": "cms", "model": "placeholderreference"}}, {"model": "contenttypes.contenttype", "pk": 17, "fields": {"app_label": "cms", "model": "staticplaceholder"}}, {"model": "contenttypes.contenttype", "pk": 18, "fields": {"app_label": "cms", "model": "title"}}, {"model": "contenttypes.contenttype", "pk": 19, "fields": {"app_label": "cms", "model": "usersettings"}}, {"model": "contenttypes.contenttype", "pk": 20, "fields": {"app_label": "cms", "model": "urlconfrevision"}}, {"model": "contenttypes.contenttype", "pk": 21, "fields": {"app_label": "cms", "model": "pagetype"}}, {"model": "contenttypes.contenttype", "pk": 22, "fields": {"app_label": "cms", "model": "treenode"}}, {"model": "contenttypes.contenttype", "pk": 23, "fields": {"app_label": "menus", "model": "cachekey"}}, {"model": "contenttypes.contenttype", "pk": 24, "fields": {"app_label": "djangocms_text_ckeditor", "model": "text"}}, {"model": "contenttypes.contenttype", "pk": 25, "fields": {"app_label": "filer", "model": "clipboard"}}, {"model": "contenttypes.contenttype", "pk": 26, "fields": {"app_label": "filer", "model": "clipboarditem"}}, {"model": "contenttypes.contenttype", "pk": 27, "fields": {"app_label": "filer", "model": "file"}}, {"model": "contenttypes.contenttype", "pk": 28, "fields": {"app_label": "filer", "model": "folder"}}, {"model": "contenttypes.contenttype", "pk": 29, "fields": {"app_label": "filer", "model": "folderpermission"}}, {"model": "contenttypes.contenttype", "pk": 30, "fields": {"app_label": "filer", "model": "image"}}, {"model": "contenttypes.contenttype", "pk": 31, "fields": {"app_label": "filer", "model": "thumbnailoption"}}, {"model": "contenttypes.contenttype", "pk": 32, "fields": {"app_label": "easy_thumbnails", "model": "source"}}, {"model": "contenttypes.contenttype", "pk": 33, "fields": {"app_label": "easy_thumbnails", "model": "thumbnail"}}, {"model": "contenttypes.contenttype", "pk": 34, "fields": {"app_label": "easy_thumbnails", "model": "thumbnaildimensions"}}, {"model": "contenttypes.contenttype", "pk": 35, "fields": {"app_label": "bootstrap4_alerts", "model": "bootstrap4alerts"}}, {"model": "contenttypes.contenttype", "pk": 36, "fields": {"app_label": "bootstrap4_badge", "model": "bootstrap4badge"}}, {"model": "contenttypes.contenttype", "pk": 37, "fields": {"app_label": "bootstrap4_card", "model": "bootstrap4card"}}, {"model": "contenttypes.contenttype", "pk": 38, "fields": {"app_label": "bootstrap4_card", "model": "bootstrap4cardinner"}}, {"model": "contenttypes.contenttype", "pk": 39, "fields": {"app_label": "bootstrap4_carousel", "model": "bootstrap4carousel"}}, {"model": "contenttypes.contenttype", "pk": 40, "fields": {"app_label": "bootstrap4_carousel", "model": "bootstrap4carouselslide"}}, {"model": "contenttypes.contenttype", "pk": 41, "fields": {"app_label": "bootstrap4_collapse", "model": "bootstrap4collapse"}}, {"model": "contenttypes.contenttype", "pk": 42, "fields": {"app_label": "bootstrap4_collapse", "model": "bootstrap4collapsecontainer"}}, {"model": "contenttypes.contenttype", "pk": 43, "fields": {"app_label": "bootstrap4_collapse", "model": "bootstrap4collapsetrigger"}}, {"model": "contenttypes.contenttype", "pk": 44, "fields": {"app_label": "bootstrap4_content", "model": "bootstrap4blockquote"}}, {"model": "contenttypes.contenttype", "pk": 45, "fields": {"app_label": "bootstrap4_content", "model": "bootstrap4code"}}, {"model": "contenttypes.contenttype", "pk": 46, "fields": {"app_label": "bootstrap4_content", "model": "bootstrap4figure"}}, {"model": "contenttypes.contenttype", "pk": 47, "fields": {"app_label": "bootstrap4_grid", "model": "bootstrap4gridcolumn"}}, {"model": "contenttypes.contenttype", "pk": 48, "fields": {"app_label": "bootstrap4_grid", "model": "bootstrap4gridcontainer"}}, {"model": "contenttypes.contenttype", "pk": 49, "fields": {"app_label": "bootstrap4_grid", "model": "bootstrap4gridrow"}}, {"model": "contenttypes.contenttype", "pk": 50, "fields": {"app_label": "bootstrap4_jumbotron", "model": "bootstrap4jumbotron"}}, {"model": "contenttypes.contenttype", "pk": 51, "fields": {"app_label": "bootstrap4_link", "model": "bootstrap4link"}}, {"model": "contenttypes.contenttype", "pk": 52, "fields": {"app_label": "bootstrap4_listgroup", "model": "bootstrap4listgroup"}}, {"model": "contenttypes.contenttype", "pk": 53, "fields": {"app_label": "bootstrap4_listgroup", "model": "bootstrap4listgroupitem"}}, {"model": "contenttypes.contenttype", "pk": 54, "fields": {"app_label": "bootstrap4_media", "model": "bootstrap4media"}}, {"model": "contenttypes.contenttype", "pk": 55, "fields": {"app_label": "bootstrap4_media", "model": "bootstrap4mediabody"}}, {"model": "contenttypes.contenttype", "pk": 56, "fields": {"app_label": "bootstrap4_picture", "model": "bootstrap4picture"}}, {"model": "contenttypes.contenttype", "pk": 57, "fields": {"app_label": "bootstrap4_tabs", "model": "bootstrap4tab"}}, {"model": "contenttypes.contenttype", "pk": 58, "fields": {"app_label": "bootstrap4_tabs", "model": "bootstrap4tabitem"}}, {"model": "contenttypes.contenttype", "pk": 59, "fields": {"app_label": "bootstrap4_utilities", "model": "bootstrap4spacing"}}, {"model": "contenttypes.contenttype", "pk": 60, "fields": {"app_label": "djangocms_file", "model": "file"}}, {"model": "contenttypes.contenttype", "pk": 61, "fields": {"app_label": "djangocms_file", "model": "folder"}}, {"model": "contenttypes.contenttype", "pk": 62, "fields": {"app_label": "djangocms_icon", "model": "icon"}}, {"model": "contenttypes.contenttype", "pk": 63, "fields": {"app_label": "djangocms_link", "model": "link"}}, {"model": "contenttypes.contenttype", "pk": 64, "fields": {"app_label": "djangocms_picture", "model": "picture"}}, {"model": "contenttypes.contenttype", "pk": 65, "fields": {"app_label": "djangocms_style", "model": "style"}}, {"model": "contenttypes.contenttype", "pk": 66, "fields": {"app_label": "djangocms_googlemap", "model": "googlemap"}}, {"model": "contenttypes.contenttype", "pk": 67, "fields": {"app_label": "djangocms_googlemap", "model": "googlemapmarker"}}, {"model": "contenttypes.contenttype", "pk": 68, "fields": {"app_label": "djangocms_googlemap", "model": "googlemaproute"}}, {"model": "contenttypes.contenttype", "pk": 69, "fields": {"app_label": "djangocms_video", "model": "videoplayer"}}, {"model": "contenttypes.contenttype", "pk": 70, "fields": {"app_label": "djangocms_video", "model": "videosource"}}, {"model": "contenttypes.contenttype", "pk": 71, "fields": {"app_label": "djangocms_video", "model": "videotrack"}}, {"model": "sessions.session", "pk": "f5b164gfwql8sobvq4qngjh8mza6iwo7", "fields": {"session_data": ".eJxVkNFuwyAMRf-F5yrKSCAhj3vfNyCDnYWNhQrIWrXqv48sqNqe7OtzfWX5zjRsedFboqgdsom9sNPfmQH7SesO8APW99DYsOboTLNbmkpT8xaQ_Gv1_gtYIC1lW7aDMrLnnRhGQ7YT3JBoRwECWi5HI7jseK-46hEtGCWBhpGLllD0ahaihNqvpHMI3kDU6BIYT-WuGXyiAxK6zKYct6rPkb4dXZ6ei7tBRF2LjQSZ9OG4s5TpzKZ18_7022uEDAU8qpydp3RouuYIT14GO4vaQ8p6Dh7rK_esxw-2vXpY:1s9mKE:x8debUIZ7044Gsd9hIiqCl5ms0JXKgHPfMKpmdwOjvs", "expire_date": "2024-06-05T13:48:14.992Z"}}, {"model": "sessions.session", "pk": "v7eum4w7l6j91aj7f3uwew2lycstsyww", "fields": {"session_data": ".eJxVTstuxCAM_BfOVURJIGGPvfcbkMFOQ0vDCki36ir_XqKgVXuy5-Hx3JmBrSxmy5SMR3Zhz-zpL2fBfdB6CPgO61vsXFxL8rY7LF1Tc_cakcJL8_4LWCAv9VrxUVs1iF6OkyXXS2FJ8kmCBC7UZKVQvRi00AOiA6sV0DgJyQnloGcpa6j7zKbEGCwkgz6DDVR7zRAynSKhL-xS0tbwNdGXp9vDc_M_kNC04RJBIXM67iwXutaevD46VoNQoPJ7g7MPlE9M3yXBQ9_3X0tKboA:1s5inA:XlczXEgGuoStLCu1cvWr3Kg_Q8eQMqDoUDVFjujLRTs", "expire_date": "2024-05-25T09:13:20.859Z"}}, {"model": "admin.logentry", "pk": 1, "fields": {"action_time": "2024-05-11T10:25:55.597Z", "user": 1, "content_type": 2, "object_id": "1", "object_repr": "Main", "action_flag": 2, "change_message": ""}}, {"model": "admin.logentry", "pk": 2, "fields": {"action_time": "2024-05-11T10:28:10.832Z", "user": 1, "content_type": 2, "object_id": "1", "object_repr": "Main", "action_flag": 2, "change_message": ""}}, {"model": "admin.logentry", "pk": 3, "fields": {"action_time": "2024-05-14T14:46:53.309Z", "user": 1, "content_type": 2, "object_id": "1", "object_repr": "Main", "action_flag": 2, "change_message": ""}}, {"model": "admin.logentry", "pk": 4, "fields": {"action_time": "2024-05-14T14:50:33.950Z", "user": 1, "content_type": 2, "object_id": "1", "object_repr": "Main", "action_flag": 2, "change_message": ""}}, {"model": "admin.logentry", "pk": 5, "fields": {"action_time": "2024-05-14T15:33:09.199Z", "user": 1, "content_type": 24, "object_id": "1", "object_repr": "", "action_flag": 3, "change_message": ""}}, {"model": "admin.logentry", "pk": 6, "fields": {"action_time": "2024-05-14T15:34:43.712Z", "user": 1, "content_type": 48, "object_id": "6", "object_repr": "6", "action_flag": 3, "change_message": ""}}, {"model": "admin.logentry", "pk": 7, "fields": {"action_time": "2024-05-14T15:34:48.040Z", "user": 1, "content_type": 48, "object_id": "3", "object_repr": "3", "action_flag": 3, "change_message": ""}}, {"model": "admin.logentry", "pk": 8, "fields": {"action_time": "2024-05-14T15:34:52.289Z", "user": 1, "content_type": 48, "object_id": "14", "object_repr": "14", "action_flag": 3, "change_message": ""}}, {"model": "admin.logentry", "pk": 9, "fields": {"action_time": "2024-05-14T15:44:03.125Z", "user": 1, "content_type": 30, "object_id": "1", "object_repr": "_", "action_flag": 2, "change_message": "[{\"changed\": {\"fields\": [\"Name\", \"\\u0420\\u0430\\u0441\\u043f\\u043e\\u043b\\u043e\\u0436\\u0435\\u043d\\u0438\\u0435 \\u043e\\u0431\\u044a\\u0435\\u043a\\u0442\\u0430\"]}}]"}}, {"model": "admin.logentry", "pk": 10, "fields": {"action_time": "2024-05-14T15:50:36.349Z", "user": 1, "content_type": 24, "object_id": "16", "object_repr": "", "action_flag": 3, "change_message": ""}}, {"model": "admin.logentry", "pk": 11, "fields": {"action_time": "2024-05-14T15:51:38.709Z", "user": 1, "content_type": 54, "object_id": "20", "object_repr": "20", "action_flag": 3, "change_message": ""}}, {"model": "admin.logentry", "pk": 12, "fields": {"action_time": "2024-05-14T15:54:22.523Z", "user": 1, "content_type": 56, "object_id": "21", "object_repr": "21", "action_flag": 3, "change_message": ""}}, {"model": "admin.logentry", "pk": 13, "fields": {"action_time": "2024-05-14T15:55:46.003Z", "user": 1, "content_type": 56, "object_id": "22", "object_repr": "22", "action_flag": 3, "change_message": ""}}, {"model": "admin.logentry", "pk": 14, "fields": {"action_time": "2024-05-14T15:56:25.843Z", "user": 1, "content_type": 56, "object_id": "23", "object_repr": "23", "action_flag": 3, "change_message": ""}}, {"model": "admin.logentry", "pk": 15, "fields": {"action_time": "2024-05-14T15:57:57.876Z", "user": 1, "content_type": 56, "object_id": "24", "object_repr": "24", "action_flag": 3, "change_message": ""}}, {"model": "admin.logentry", "pk": 16, "fields": {"action_time": "2024-05-14T15:58:03.063Z", "user": 1, "content_type": 48, "object_id": "15", "object_repr": "15", "action_flag": 3, "change_message": ""}}, {"model": "admin.logentry", "pk": 17, "fields": {"action_time": "2024-05-14T16:02:02.857Z", "user": 1, "content_type": 56, "object_id": "25", "object_repr": "25", "action_flag": 3, "change_message": ""}}, {"model": "admin.logentry", "pk": 18, "fields": {"action_time": "2024-05-14T16:18:54.396Z", "user": 1, "content_type": 48, "object_id": "26", "object_repr": "26", "action_flag": 3, "change_message": ""}}, {"model": "admin.logentry", "pk": 19, "fields": {"action_time": "2024-05-14T16:22:14.906Z", "user": 1, "content_type": 24, "object_id": "28", "object_repr": "", "action_flag": 3, "change_message": ""}}, {"model": "admin.logentry", "pk": 20, "fields": {"action_time": "2024-05-14T16:35:25.701Z", "user": 1, "content_type": 24, "object_id": "30", "object_repr": "", "action_flag": 3, "change_message": ""}}, {"model": "admin.logentry", "pk": 21, "fields": {"action_time": "2024-05-14T16:52:41.101Z", "user": 1, "content_type": 56, "object_id": "33", "object_repr": "33", "action_flag": 3, "change_message": ""}}, {"model": "admin.logentry", "pk": 22, "fields": {"action_time": "2024-05-20T19:56:18.745Z", "user": 1, "content_type": 2, "object_id": "1", "object_repr": "Main", "action_flag": 2, "change_message": ""}}, {"model": "admin.logentry", "pk": 23, "fields": {"action_time": "2024-05-21T19:19:46.981Z", "user": 1, "content_type": 2, "object_id": "3", "object_repr": " ", "action_flag": 2, "change_message": ""}}, {"model": "admin.logentry", "pk": 24, "fields": {"action_time": "2024-05-21T19:21:31.716Z", "user": 1, "content_type": 2, "object_id": "5", "object_repr": "__", "action_flag": 2, "change_message": ""}}, {"model": "admin.logentry", "pk": 25, "fields": {"action_time": "2024-05-21T19:54:05.875Z", "user": 1, "content_type": 2, "object_id": "5", "object_repr": "__", "action_flag": 2, "change_message": ""}}, {"model": "admin.logentry", "pk": 26, "fields": {"action_time": "2024-05-21T19:55:00.871Z", "user": 1, "content_type": 24, "object_id": "34", "object_repr": "  ", "action_flag": 3, "change_message": ""}}, {"model": "admin.logentry", "pk": 27, "fields": {"action_time": "2024-05-21T20:08:12.959Z", "user": 1, "content_type": 2, "object_id": "5", "object_repr": "__", "action_flag": 2, "change_message": ""}}, {"model": "admin.logentry", "pk": 28, "fields": {"action_time": "2024-05-21T20:12:55.982Z", "user": 1, "content_type": 2, "object_id": "7", "object_repr": "__", "action_flag": 2, "change_message": ""}}, {"model": "admin.logentry", "pk": 29, "fields": {"action_time": "2024-05-21T20:23:56.990Z", "user": 1, "content_type": 2, "object_id": "7", "object_repr": "__", "action_flag": 2, "change_message": ""}}, {"model": "admin.logentry", "pk": 30, "fields": {"action_time": "2024-05-21T20:27:24.093Z", "user": 1, "content_type": 2, "object_id": "5", "object_repr": "__", "action_flag": 2, "change_message": ""}}, {"model": "admin.logentry", "pk": 31, "fields": {"action_time": "2024-05-21T20:34:50.395Z", "user": 1, "content_type": 2, "object_id": "7", "object_repr": "__", "action_flag": 2, "change_message": ""}}, {"model": "admin.logentry", "pk": 32, "fields": {"action_time": "2024-05-21T20:54:50.741Z", "user": 1, "content_type": 2, "object_id": "9", "object_repr": "__", "action_flag": 2, "change_message": ""}}, {"model": "admin.logentry", "pk": 33, "fields": {"action_time": "2024-05-21T21:33:25.054Z", "user": 1, "content_type": 2, "object_id": "11", "object_repr": "__", "action_flag": 2, "change_message": ""}}, {"model": "admin.logentry", "pk": 34, "fields": {"action_time": "2024-05-21T21:44:56.940Z", "user": 1, "content_type": 24, "object_id": "98", "object_repr": "  ...", "action_flag": 3, "change_message": ""}}, {"model": "admin.logentry", "pk": 35, "fields": {"action_time": "2024-05-21T21:45:10.220Z", "user": 1, "content_type": 2, "object_id": "11", "object_repr": "__", "action_flag": 2, "change_message": ""}}, {"model": "admin.logentry", "pk": 36, "fields": {"action_time": "2024-05-21T22:02:10.545Z", "user": 1, "content_type": 2, "object_id": "13", "object_repr": "__", "action_flag": 2, "change_message": ""}}, {"model": "admin.logentry", "pk": 37, "fields": {"action_time": "2024-05-21T22:11:05.294Z", "user": 1, "content_type": 2, "object_id": "13", "object_repr": "__", "action_flag": 2, "change_message": ""}}, {"model": "admin.logentry", "pk": 38, "fields": {"action_time": "2024-05-21T22:32:43.935Z", "user": 1, "content_type": 2, "object_id": "15", "object_repr": "__", "action_flag": 2, "change_message": ""}}, {"model": "admin.logentry", "pk": 39, "fields": {"action_time": "2024-05-21T23:03:26.534Z", "user": 1, "content_type": 2, "object_id": "17", "object_repr": "__", "action_flag": 2, "change_message": ""}}, {"model": "admin.logentry", "pk": 40, "fields": {"action_time": "2024-05-22T06:05:03.461Z", "user": 1, "content_type": 2, "object_id": "19", "object_repr": "__", "action_flag": 2, "change_message": ""}}, {"model": "admin.logentry", "pk": 41, "fields": {"action_time": "2024-05-22T06:17:19.105Z", "user": 1, "content_type": 2, "object_id": "21", "object_repr": "__", "action_flag": 2, "change_message": ""}}, {"model": "admin.logentry", "pk": 42, "fields": {"action_time": "2024-05-22T06:21:00.679Z", "user": 1, "content_type": 2, "object_id": "21", "object_repr": "__", "action_flag": 2, "change_message": ""}}, {"model": "admin.logentry", "pk": 43, "fields": {"action_time": "2024-05-22T09:14:41.127Z", "user": 1, "content_type": 2, "object_id": "3", "object_repr": " ", "action_flag": 2, "change_message": ""}}, {"model": "admin.logentry", "pk": 44, "fields": {"action_time": "2024-05-22T09:16:34.201Z", "user": 1, "content_type": 2, "object_id": "23", "object_repr": "primer", "action_flag": 1, "change_message": "[{\"added\": {}}]"}}, {"model": "admin.logentry", "pk": 45, "fields": {"action_time": "2024-05-22T09:16:40.199Z", "user": 1, "content_type": 2, "object_id": "23", "object_repr": "primer", "action_flag": 2, "change_message": "[]"}}, {"model": "admin.logentry", "pk": 46, "fields": {"action_time": "2024-05-22T09:34:47.263Z", "user": 1, "content_type": 2, "object_id": "23", "object_repr": "primer", "action_flag": 3, "change_message": ""}}, {"model": "admin.logentry", "pk": 47, "fields": {"action_time": "2024-05-22T13:24:14.299Z", "user": 1, "content_type": 2, "object_id": "19", "object_repr": "__", "action_flag": 2, "change_message": ""}}, {"model": "sites.site", "pk": 1, "fields": {"domain": "example.com", "name": "example.com"}}, {"model": "cms.usersettings", "pk": 1, "fields": {"user": 1, "language": "ru", "clipboard": 1}}, {"model": "cms.treenode", "pk": 1, "fields": {"path": "0001", "depth": 1, "numchild": 0, "parent": null, "site": 1}}, {"model": "cms.treenode", "pk": 2, "fields": {"path": "0002", "depth": 1, "numchild": 9, "parent": null, "site": 1}}, {"model": "cms.treenode", "pk": 3, "fields": {"path": "00020001", "depth": 2, "numchild": 0, "parent": 2, "site": 1}}, {"model": "cms.treenode", "pk": 4, "fields": {"path": "00020002", "depth": 2, "numchild": 0, "parent": 2, "site": 1}}, {"model": "cms.treenode", "pk": 5, "fields": {"path": "00020003", "depth": 2, "numchild": 0, "parent": 2, "site": 1}}, {"model": "cms.treenode", "pk": 6, "fields": {"path": "00020004", "depth": 2, "numchild": 0, "parent": 2, "site": 1}}, {"model": "cms.treenode", "pk": 7, "fields": {"path": "00020005", "depth": 2, "numchild": 0, "parent": 2, "site": 1}}, {"model": "cms.treenode", "pk": 8, "fields": {"path": "00020006", "depth": 2, "numchild": 0, "parent": 2, "site": 1}}, {"model": "cms.treenode", "pk": 9, "fields": {"path": "00020007", "depth": 2, "numchild": 0, "parent": 2, "site": 1}}, {"model": "cms.treenode", "pk": 10, "fields": {"path": "00020008", "depth": 2, "numchild": 0, "parent": 2, "site": 1}}, {"model": "cms.treenode", "pk": 11, "fields": {"path": "00020009", "depth": 2, "numchild": 0, "parent": 2, "site": 1}}, {"model": "cms.page", "pk": 1, "fields": {"created_by": "admin", "changed_by": "admin", "creation_date": "2024-05-11T09:23:09.008Z", "changed_date": "2024-05-14T16:23:29.300Z", "publication_date": "2024-05-11T09:23:09.018Z", "publication_end_date": null, "in_navigation": true, "soft_root": false, "reverse_id": null, "navigation_extenders": null, "template": "kafedra_template.html", "login_required": false, "limit_visibility_in_menu": null, "is_home": true, "application_urls": null, "application_namespace": null, "publisher_is_draft": true, "publisher_public": 2, "languages": "ru", "xframe_options": 0, "is_page_type": false, "node": 1, "placeholders": [2, 4]}}, {"model": "cms.page", "pk": 2, "fields": {"created_by": "admin", "changed_by": "admin", "creation_date": "2024-05-11T09:23:09.018Z", "changed_date": "2024-05-20T19:56:18.677Z", "publication_date": "2024-05-11T09:23:09.018Z", "publication_end_date": null, "in_navigation": true, "soft_root": false, "reverse_id": null, "navigation_extenders": null, "template": "kafedra_template.html", "login_required": false, "limit_visibility_in_menu": null, "is_home": true, "application_urls": null, "application_namespace": null, "publisher_is_draft": false, "publisher_public": 1, "languages": "ru", "xframe_options": 0, "is_page_type": false, "node": 1, "placeholders": [3, 5]}}, {"model": "cms.page", "pk": 3, "fields": {"created_by": "admin", "changed_by": "admin", "creation_date": "2024-05-20T19:58:06.371Z", "changed_date": "2024-05-20T20:06:11.315Z", "publication_date": "2024-05-21T19:19:46.941Z", "publication_end_date": null, "in_navigation": true, "soft_root": false, "reverse_id": null, "navigation_extenders": null, "template": "employees.html", "login_required": false, "limit_visibility_in_menu": null, "is_home": false, "application_urls": null, "application_namespace": null, "publisher_is_draft": true, "publisher_public": 4, "languages": "ru", "xframe_options": 0, "is_page_type": false, "node": 2, "placeholders": [6]}}, {"model": "cms.page", "pk": 4, "fields": {"created_by": "admin", "changed_by": "admin", "creation_date": "2024-05-21T19:19:46.941Z", "changed_date": "2024-05-22T09:14:40.818Z", "publication_date": "2024-05-21T19:19:46.941Z", "publication_end_date": null, "in_navigation": true, "soft_root": false, "reverse_id": null, "navigation_extenders": null, "template": "employees.html", "login_required": false, "limit_visibility_in_menu": null, "is_home": false, "application_urls": null, "application_namespace": null, "publisher_is_draft": false, "publisher_public": 3, "languages": "ru", "xframe_options": 0, "is_page_type": false, "node": 2, "placeholders": [7]}}, {"model": "cms.page", "pk": 5, "fields": {"created_by": "admin", "changed_by": "admin", "creation_date": "2024-05-21T19:20:59.334Z", "changed_date": "2024-05-21T19:34:34.552Z", "publication_date": "2024-05-21T19:21:31.685Z", "publication_end_date": null, "in_navigation": true, "soft_root": false, "reverse_id": null, "navigation_extenders": null, "template": "empl_review.html", "login_required": false, "limit_visibility_in_menu": null, "is_home": false, "application_urls": null, "application_namespace": null, "publisher_is_draft": true, "publisher_public": 6, "languages": "ru", "xframe_options": 0, "is_page_type": false, "node": 3, "placeholders": [8]}}, {"model": "cms.page", "pk": 6, "fields": {"created_by": "admin", "changed_by": "admin", "creation_date": "2024-05-21T19:21:31.685Z", "changed_date": "2024-05-21T20:27:23.971Z", "publication_date": "2024-05-21T19:21:31.685Z", "publication_end_date": null, "in_navigation": true, "soft_root": false, "reverse_id": null, "navigation_extenders": null, "template": "empl_review.html", "login_required": false, "limit_visibility_in_menu": null, "is_home": false, "application_urls": null, "application_namespace": null, "publisher_is_draft": false, "publisher_public": 5, "languages": "ru", "xframe_options": 0, "is_page_type": false, "node": 3, "placeholders": [9]}}, {"model": "cms.page", "pk": 7, "fields": {"created_by": "admin", "changed_by": "admin", "creation_date": "2024-05-21T20:10:04.411Z", "changed_date": "2024-05-21T20:10:14.990Z", "publication_date": "2024-05-21T20:12:55.916Z", "publication_end_date": null, "in_navigation": true, "soft_root": false, "reverse_id": null, "navigation_extenders": null, "template": "empl_review.html", "login_required": false, "limit_visibility_in_menu": null, "is_home": false, "application_urls": null, "application_namespace": null, "publisher_is_draft": true, "publisher_public": 8, "languages": "ru", "xframe_options": 0, "is_page_type": false, "node": 4, "placeholders": [10]}}, {"model": "cms.page", "pk": 8, "fields": {"created_by": "admin", "changed_by": "admin", "creation_date": "2024-05-21T20:12:55.916Z", "changed_date": "2024-05-21T20:34:50.276Z", "publication_date": "2024-05-21T20:12:55.916Z", "publication_end_date": null, "in_navigation": true, "soft_root": false, "reverse_id": null, "navigation_extenders": null, "template": "empl_review.html", "login_required": false, "limit_visibility_in_menu": null, "is_home": false, "application_urls": null, "application_namespace": null, "publisher_is_draft": false, "publisher_public": 7, "languages": "ru", "xframe_options": 0, "is_page_type": false, "node": 4, "placeholders": [11]}}, {"model": "cms.page", "pk": 9, "fields": {"created_by": "admin", "changed_by": "admin", "creation_date": "2024-05-21T20:38:01.359Z", "changed_date": "2024-05-21T20:43:26.414Z", "publication_date": "2024-05-21T20:54:50.636Z", "publication_end_date": null, "in_navigation": true, "soft_root": false, "reverse_id": null, "navigation_extenders": null, "template": "empl_review.html", "login_required": false, "limit_visibility_in_menu": null, "is_home": false, "application_urls": null, "application_namespace": null, "publisher_is_draft": true, "publisher_public": 10, "languages": "ru", "xframe_options": 0, "is_page_type": false, "node": 5, "placeholders": [12]}}, {"model": "cms.page", "pk": 10, "fields": {"created_by": "admin", "changed_by": "admin", "creation_date": "2024-05-21T20:54:50.636Z", "changed_date": "2024-05-21T20:54:50.636Z", "publication_date": "2024-05-21T20:54:50.636Z", "publication_end_date": null, "in_navigation": true, "soft_root": false, "reverse_id": null, "navigation_extenders": null, "template": "empl_review.html", "login_required": false, "limit_visibility_in_menu": null, "is_home": false, "application_urls": null, "application_namespace": null, "publisher_is_draft": false, "publisher_public": 9, "languages": "ru", "xframe_options": 0, "is_page_type": false, "node": 5, "placeholders": [13]}}, {"model": "cms.page", "pk": 11, "fields": {"created_by": "admin", "changed_by": "admin", "creation_date": "2024-05-21T21:32:52.638Z", "changed_date": "2024-05-21T21:33:09.831Z", "publication_date": "2024-05-21T21:33:25.034Z", "publication_end_date": null, "in_navigation": true, "soft_root": false, "reverse_id": null, "navigation_extenders": null, "template": "empl_review.html", "login_required": false, "limit_visibility_in_menu": null, "is_home": false, "application_urls": null, "application_namespace": null, "publisher_is_draft": true, "publisher_public": 12, "languages": "ru", "xframe_options": 0, "is_page_type": false, "node": 6, "placeholders": [14]}}, {"model": "cms.page", "pk": 12, "fields": {"created_by": "admin", "changed_by": "admin", "creation_date": "2024-05-21T21:33:25.034Z", "changed_date": "2024-05-21T21:45:10.130Z", "publication_date": "2024-05-21T21:33:25.034Z", "publication_end_date": null, "in_navigation": true, "soft_root": false, "reverse_id": null, "navigation_extenders": null, "template": "empl_review.html", "login_required": false, "limit_visibility_in_menu": null, "is_home": false, "application_urls": null, "application_namespace": null, "publisher_is_draft": false, "publisher_public": 11, "languages": "ru", "xframe_options": 0, "is_page_type": false, "node": 6, "placeholders": [15]}}, {"model": "cms.page", "pk": 13, "fields": {"created_by": "admin", "changed_by": "admin", "creation_date": "2024-05-21T22:01:57.723Z", "changed_date": "2024-05-21T22:02:06.712Z", "publication_date": "2024-05-21T22:02:10.522Z", "publication_end_date": null, "in_navigation": true, "soft_root": false, "reverse_id": null, "navigation_extenders": null, "template": "empl_review.html", "login_required": false, "limit_visibility_in_menu": null, "is_home": false, "application_urls": null, "application_namespace": null, "publisher_is_draft": true, "publisher_public": 14, "languages": "ru", "xframe_options": 0, "is_page_type": false, "node": 7, "placeholders": [16]}}, {"model": "cms.page", "pk": 14, "fields": {"created_by": "admin", "changed_by": "admin", "creation_date": "2024-05-21T22:02:10.522Z", "changed_date": "2024-05-21T22:11:05.176Z", "publication_date": "2024-05-21T22:02:10.522Z", "publication_end_date": null, "in_navigation": true, "soft_root": false, "reverse_id": null, "navigation_extenders": null, "template": "empl_review.html", "login_required": false, "limit_visibility_in_menu": null, "is_home": false, "application_urls": null, "application_namespace": null, "publisher_is_draft": false, "publisher_public": 13, "languages": "ru", "xframe_options": 0, "is_page_type": false, "node": 7, "placeholders": [17]}}, {"model": "cms.page", "pk": 15, "fields": {"created_by": "admin", "changed_by": "admin", "creation_date": "2024-05-21T22:22:55.331Z", "changed_date": "2024-05-21T22:23:29.961Z", "publication_date": "2024-05-21T22:32:43.772Z", "publication_end_date": null, "in_navigation": true, "soft_root": false, "reverse_id": null, "navigation_extenders": null, "template": "empl_review.html", "login_required": false, "limit_visibility_in_menu": null, "is_home": false, "application_urls": null, "application_namespace": null, "publisher_is_draft": true, "publisher_public": 16, "languages": "ru", "xframe_options": 0, "is_page_type": false, "node": 8, "placeholders": [18]}}, {"model": "cms.page", "pk": 16, "fields": {"created_by": "admin", "changed_by": "admin", "creation_date": "2024-05-21T22:32:43.772Z", "changed_date": "2024-05-21T22:32:43.773Z", "publication_date": "2024-05-21T22:32:43.772Z", "publication_end_date": null, "in_navigation": true, "soft_root": false, "reverse_id": null, "navigation_extenders": null, "template": "empl_review.html", "login_required": false, "limit_visibility_in_menu": null, "is_home": false, "application_urls": null, "application_namespace": null, "publisher_is_draft": false, "publisher_public": 15, "languages": "ru", "xframe_options": 0, "is_page_type": false, "node": 8, "placeholders": [19]}}, {"model": "cms.page", "pk": 17, "fields": {"created_by": "admin", "changed_by": "admin", "creation_date": "2024-05-21T22:53:46.397Z", "changed_date": "2024-05-21T22:54:01.363Z", "publication_date": "2024-05-21T23:03:26.337Z", "publication_end_date": null, "in_navigation": true, "soft_root": false, "reverse_id": null, "navigation_extenders": null, "template": "empl_review.html", "login_required": false, "limit_visibility_in_menu": null, "is_home": false, "application_urls": null, "application_namespace": null, "publisher_is_draft": true, "publisher_public": 18, "languages": "ru", "xframe_options": 0, "is_page_type": false, "node": 9, "placeholders": [20]}}, {"model": "cms.page", "pk": 18, "fields": {"created_by": "admin", "changed_by": "admin", "creation_date": "2024-05-21T23:03:26.338Z", "changed_date": "2024-05-21T23:03:26.338Z", "publication_date": "2024-05-21T23:03:26.337Z", "publication_end_date": null, "in_navigation": true, "soft_root": false, "reverse_id": null, "navigation_extenders": null, "template": "empl_review.html", "login_required": false, "limit_visibility_in_menu": null, "is_home": false, "application_urls": null, "application_namespace": null, "publisher_is_draft": false, "publisher_public": 17, "languages": "ru", "xframe_options": 0, "is_page_type": false, "node": 9, "placeholders": [21]}}, {"model": "cms.page", "pk": 19, "fields": {"created_by": "admin", "changed_by": "admin", "creation_date": "2024-05-22T05:57:13.918Z", "changed_date": "2024-05-22T05:57:22.687Z", "publication_date": "2024-05-22T06:05:03.290Z", "publication_end_date": null, "in_navigation": true, "soft_root": false, "reverse_id": null, "navigation_extenders": null, "template": "empl_review.html", "login_required": false, "limit_visibility_in_menu": null, "is_home": false, "application_urls": null, "application_namespace": null, "publisher_is_draft": true, "publisher_public": 20, "languages": "ru", "xframe_options": 0, "is_page_type": false, "node": 10, "placeholders": [22]}}, {"model": "cms.page", "pk": 20, "fields": {"created_by": "admin", "changed_by": "admin", "creation_date": "2024-05-22T06:05:03.290Z", "changed_date": "2024-05-22T13:24:13.986Z", "publication_date": "2024-05-22T06:05:03.290Z", "publication_end_date": null, "in_navigation": true, "soft_root": false, "reverse_id": null, "navigation_extenders": null, "template": "empl_review.html", "login_required": false, "limit_visibility_in_menu": null, "is_home": false, "application_urls": null, "application_namespace": null, "publisher_is_draft": false, "publisher_public": 19, "languages": "ru", "xframe_options": 0, "is_page_type": false, "node": 10, "placeholders": [23]}}, {"model": "cms.page", "pk": 21, "fields": {"created_by": "admin", "changed_by": "admin", "creation_date": "2024-05-22T06:11:55.835Z", "changed_date": "2024-05-22T06:13:46.994Z", "publication_date": "2024-05-22T06:17:19.000Z", "publication_end_date": null, "in_navigation": true, "soft_root": false, "reverse_id": null, "navigation_extenders": null, "template": "empl_review.html", "login_required": false, "limit_visibility_in_menu": null, "is_home": false, "application_urls": null, "application_namespace": null, "publisher_is_draft": true, "publisher_public": 22, "languages": "ru", "xframe_options": 0, "is_page_type": false, "node": 11, "placeholders": [24]}}, {"model": "cms.page", "pk": 22, "fields": {"created_by": "admin", "changed_by": "admin", "creation_date": "2024-05-22T06:17:19.001Z", "changed_date": "2024-05-22T06:21:00.524Z", "publication_date": "2024-05-22T06:17:19.000Z", "publication_end_date": null, "in_navigation": true, "soft_root": false, "reverse_id": null, "navigation_extenders": null, "template": "empl_review.html", "login_required": false, "limit_visibility_in_menu": null, "is_home": false, "application_urls": null, "application_namespace": null, "publisher_is_draft": false, "publisher_public": 21, "languages": "ru", "xframe_options": 0, "is_page_type": false, "node": 11, "placeholders": [25]}}, {"model": "cms.placeholder", "pk": 1, "fields": {"slot": "clipboard", "default_width": null}}, {"model": "cms.placeholder", "pk": 2, "fields": {"slot": "content", "default_width": null}}, {"model": "cms.placeholder", "pk": 3, "fields": {"slot": "content", "default_width": null}}, {"model": "cms.placeholder", "pk": 4, "fields": {"slot": "sidebar", "default_width": null}}, {"model": "cms.placeholder", "pk": 5, "fields": {"slot": "sidebar", "default_width": null}}, {"model": "cms.placeholder", "pk": 6, "fields": {"slot": "content", "default_width": null}}, {"model": "cms.placeholder", "pk": 7, "fields": {"slot": "content", "default_width": null}}, {"model": "cms.placeholder", "pk": 8, "fields": {"slot": "content", "default_width": null}}, {"model": "cms.placeholder", "pk": 9, "fields": {"slot": "content", "default_width": null}}, {"model": "cms.placeholder", "pk": 10, "fields": {"slot": "content", "default_width": null}}, {"model": "cms.placeholder", "pk": 11, "fields": {"slot": "content", "default_width": null}}, {"model": "cms.placeholder", "pk": 12, "fields": {"slot": "content", "default_width": null}}, {"model": "cms.placeholder", "pk": 13, "fields": {"slot": "content", "default_width": null}}, {"model": "cms.placeholder", "pk": 14, "fields": {"slot": "content", "default_width": null}}, {"model": "cms.placeholder", "pk": 15, "fields": {"slot": "content", "default_width": null}}, {"model": "cms.placeholder", "pk": 16, "fields": {"slot": "content", "default_width": null}}, {"model": "cms.placeholder", "pk": 17, "fields": {"slot": "content", "default_width": null}}, {"model": "cms.placeholder", "pk": 18, "fields": {"slot": "content", "default_width": null}}, {"model": "cms.placeholder", "pk": 19, "fields": {"slot": "content", "default_width": null}}, {"model": "cms.placeholder", "pk": 20, "fields": {"slot": "content", "default_width": null}}, {"model": "cms.placeholder", "pk": 21, "fields": {"slot": "content", "default_width": null}}, {"model": "cms.placeholder", "pk": 22, "fields": {"slot": "content", "default_width": null}}, {"model": "cms.placeholder", "pk": 23, "fields": {"slot": "content", "default_width": null}}, {"model": "cms.placeholder", "pk": 24, "fields": {"slot": "content", "default_width": null}}, {"model": "cms.placeholder", "pk": 25, "fields": {"slot": "content", "default_width": null}}, {"model": "cms.cmsplugin", "pk": 36, "fields": {"path": "0002", "depth": 1, "numchild": 0, "placeholder": 8, "parent": null, "position": 2, "language": "ru", "plugin_type": "TextPlugin", "creation_date": "2024-05-21T19:38:09.355Z", "changed_date": "2024-05-21T21:37:49.836Z"}}, {"model": "cms.cmsplugin", "pk": 37, "fields": {"path": "0003", "depth": 1, "numchild": 0, "placeholder": 8, "parent": null, "position": 3, "language": "ru", "plugin_type": "TextPlugin", "creation_date": "2024-05-21T19:49:22.563Z", "changed_date": "2024-05-21T20:03:50.169Z"}}, {"model": "cms.cmsplugin", "pk": 42, "fields": {"path": "0007", "depth": 1, "numchild": 1, "placeholder": 8, "parent": null, "position": 0, "language": "ru", "plugin_type": "TextPlugin", "creation_date": "2024-05-21T19:55:19.606Z", "changed_date": "2024-05-21T20:01:36.649Z"}}, {"model": "cms.cmsplugin", "pk": 43, "fields": {"path": "00070001", "depth": 2, "numchild": 0, "placeholder": 8, "parent": 42, "position": 0, "language": "ru", "plugin_type": "Bootstrap4PicturePlugin", "creation_date": "2024-05-21T19:56:36.186Z", "changed_date": "2024-05-21T19:57:33.422Z"}}, {"model": "cms.cmsplugin", "pk": 44, "fields": {"path": "0008", "depth": 1, "numchild": 0, "placeholder": 8, "parent": null, "position": 4, "language": "ru", "plugin_type": "TextPlugin", "creation_date": "2024-05-21T20:01:56.298Z", "changed_date": "2024-05-21T20:02:51.798Z"}}, {"model": "cms.cmsplugin", "pk": 45, "fields": {"path": "0009", "depth": 1, "numchild": 0, "placeholder": 8, "parent": null, "position": 5, "language": "ru", "plugin_type": "TextPlugin", "creation_date": "2024-05-21T20:05:01.607Z", "changed_date": "2024-05-21T20:54:41.218Z"}}, {"model": "cms.cmsplugin", "pk": 52, "fields": {"path": "000F", "depth": 1, "numchild": 1, "placeholder": 10, "parent": null, "position": 0, "language": "ru", "plugin_type": "TextPlugin", "creation_date": "2024-05-21T20:11:40.777Z", "changed_date": "2024-05-21T20:13:17.766Z"}}, {"model": "cms.cmsplugin", "pk": 53, "fields": {"path": "000F0001", "depth": 2, "numchild": 0, "placeholder": 10, "parent": 52, "position": 0, "language": "ru", "plugin_type": "Bootstrap4PicturePlugin", "creation_date": "2024-05-21T20:12:43.634Z", "changed_date": "2024-05-21T20:12:43.640Z"}}, {"model": "cms.cmsplugin", "pk": 56, "fields": {"path": "000H", "depth": 1, "numchild": 0, "placeholder": 10, "parent": null, "position": 2, "language": "ru", "plugin_type": "TextPlugin", "creation_date": "2024-05-21T20:15:50.950Z", "changed_date": "2024-05-21T20:25:22.369Z"}}, {"model": "cms.cmsplugin", "pk": 60, "fields": {"path": "000K", "depth": 1, "numchild": 0, "placeholder": 8, "parent": null, "position": 1, "language": "ru", "plugin_type": "TextPlugin", "creation_date": "2024-05-21T20:26:19.939Z", "changed_date": "2024-05-21T20:27:05.723Z"}}, {"model": "cms.cmsplugin", "pk": 61, "fields": {"path": "000L", "depth": 1, "numchild": 0, "placeholder": 9, "parent": null, "position": 2, "language": "ru", "plugin_type": "TextPlugin", "creation_date": "2024-05-21T19:38:09.355Z", "changed_date": "2024-05-21T20:27:24.062Z"}}, {"model": "cms.cmsplugin", "pk": 62, "fields": {"path": "000M", "depth": 1, "numchild": 0, "placeholder": 9, "parent": null, "position": 3, "language": "ru", "plugin_type": "TextPlugin", "creation_date": "2024-05-21T19:49:22.563Z", "changed_date": "2024-05-21T20:27:24.067Z"}}, {"model": "cms.cmsplugin", "pk": 63, "fields": {"path": "000N", "depth": 1, "numchild": 1, "placeholder": 9, "parent": null, "position": 0, "language": "ru", "plugin_type": "TextPlugin", "creation_date": "2024-05-21T19:55:19.606Z", "changed_date": "2024-05-21T20:27:24.072Z"}}, {"model": "cms.cmsplugin", "pk": 64, "fields": {"path": "000N0001", "depth": 2, "numchild": 0, "placeholder": 9, "parent": 63, "position": 0, "language": "ru", "plugin_type": "Bootstrap4PicturePlugin", "creation_date": "2024-05-21T19:56:36.186Z", "changed_date": "2024-05-21T20:27:24.044Z"}}, {"model": "cms.cmsplugin", "pk": 65, "fields": {"path": "000O", "depth": 1, "numchild": 0, "placeholder": 9, "parent": null, "position": 4, "language": "ru", "plugin_type": "TextPlugin", "creation_date": "2024-05-21T20:01:56.298Z", "changed_date": "2024-05-21T20:27:24.076Z"}}, {"model": "cms.cmsplugin", "pk": 66, "fields": {"path": "000P", "depth": 1, "numchild": 0, "placeholder": 9, "parent": null, "position": 5, "language": "ru", "plugin_type": "TextPlugin", "creation_date": "2024-05-21T20:05:01.607Z", "changed_date": "2024-05-21T20:27:24.080Z"}}, {"model": "cms.cmsplugin", "pk": 67, "fields": {"path": "000Q", "depth": 1, "numchild": 0, "placeholder": 9, "parent": null, "position": 1, "language": "ru", "plugin_type": "TextPlugin", "creation_date": "2024-05-21T20:26:19.939Z", "changed_date": "2024-05-21T20:27:24.084Z"}}, {"model": "cms.cmsplugin", "pk": 68, "fields": {"path": "000R", "depth": 1, "numchild": 0, "placeholder": 10, "parent": null, "position": 1, "language": "ru", "plugin_type": "TextPlugin", "creation_date": "2024-05-21T20:29:47.780Z", "changed_date": "2024-05-21T20:30:35.139Z"}}, {"model": "cms.cmsplugin", "pk": 69, "fields": {"path": "000S", "depth": 1, "numchild": 0, "placeholder": 10, "parent": null, "position": 3, "language": "ru", "plugin_type": "TextPlugin", "creation_date": "2024-05-21T20:31:04.537Z", "changed_date": "2024-05-21T20:31:26.924Z"}}, {"model": "cms.cmsplugin", "pk": 70, "fields": {"path": "000T", "depth": 1, "numchild": 0, "placeholder": 10, "parent": null, "position": 4, "language": "ru", "plugin_type": "TextPlugin", "creation_date": "2024-05-21T20:32:55.409Z", "changed_date": "2024-05-21T20:33:14.436Z"}}, {"model": "cms.cmsplugin", "pk": 71, "fields": {"path": "000U", "depth": 1, "numchild": 0, "placeholder": 10, "parent": null, "position": 5, "language": "ru", "plugin_type": "TextPlugin", "creation_date": "2024-05-21T20:33:49.723Z", "changed_date": "2024-05-21T20:34:16.916Z"}}, {"model": "cms.cmsplugin", "pk": 72, "fields": {"path": "000V", "depth": 1, "numchild": 1, "placeholder": 11, "parent": null, "position": 0, "language": "ru", "plugin_type": "TextPlugin", "creation_date": "2024-05-21T20:11:40.777Z", "changed_date": "2024-05-21T20:34:50.360Z"}}, {"model": "cms.cmsplugin", "pk": 73, "fields": {"path": "000V0001", "depth": 2, "numchild": 0, "placeholder": 11, "parent": 72, "position": 0, "language": "ru", "plugin_type": "Bootstrap4PicturePlugin", "creation_date": "2024-05-21T20:12:43.634Z", "changed_date": "2024-05-21T20:34:50.336Z"}}, {"model": "cms.cmsplugin", "pk": 74, "fields": {"path": "000W", "depth": 1, "numchild": 0, "placeholder": 11, "parent": null, "position": 2, "language": "ru", "plugin_type": "TextPlugin", "creation_date": "2024-05-21T20:15:50.950Z", "changed_date": "2024-05-21T20:34:50.365Z"}}, {"model": "cms.cmsplugin", "pk": 75, "fields": {"path": "000X", "depth": 1, "numchild": 0, "placeholder": 11, "parent": null, "position": 1, "language": "ru", "plugin_type": "TextPlugin", "creation_date": "2024-05-21T20:29:47.780Z", "changed_date": "2024-05-21T20:34:50.368Z"}}, {"model": "cms.cmsplugin", "pk": 76, "fields": {"path": "000Y", "depth": 1, "numchild": 0, "placeholder": 11, "parent": null, "position": 3, "language": "ru", "plugin_type": "TextPlugin", "creation_date": "2024-05-21T20:31:04.537Z", "changed_date": "2024-05-21T20:34:50.373Z"}}, {"model": "cms.cmsplugin", "pk": 77, "fields": {"path": "000Z", "depth": 1, "numchild": 0, "placeholder": 11, "parent": null, "position": 4, "language": "ru", "plugin_type": "TextPlugin", "creation_date": "2024-05-21T20:32:55.409Z", "changed_date": "2024-05-21T20:34:50.380Z"}}, {"model": "cms.cmsplugin", "pk": 78, "fields": {"path": "0010", "depth": 1, "numchild": 0, "placeholder": 11, "parent": null, "position": 5, "language": "ru", "plugin_type": "TextPlugin", "creation_date": "2024-05-21T20:33:49.723Z", "changed_date": "2024-05-21T20:34:50.385Z"}}, {"model": "cms.cmsplugin", "pk": 79, "fields": {"path": "0011", "depth": 1, "numchild": 1, "placeholder": 12, "parent": null, "position": 0, "language": "ru", "plugin_type": "TextPlugin", "creation_date": "2024-05-21T20:44:20.937Z", "changed_date": "2024-05-21T20:45:30.521Z"}}, {"model": "cms.cmsplugin", "pk": 80, "fields": {"path": "00110001", "depth": 2, "numchild": 0, "placeholder": 12, "parent": 79, "position": 0, "language": "ru", "plugin_type": "Bootstrap4PicturePlugin", "creation_date": "2024-05-21T20:45:12.859Z", "changed_date": "2024-05-21T20:45:12.864Z"}}, {"model": "cms.cmsplugin", "pk": 81, "fields": {"path": "0012", "depth": 1, "numchild": 0, "placeholder": 12, "parent": null, "position": 1, "language": "ru", "plugin_type": "TextPlugin", "creation_date": "2024-05-21T20:46:50.646Z", "changed_date": "2024-05-21T20:47:13.618Z"}}, {"model": "cms.cmsplugin", "pk": 82, "fields": {"path": "0013", "depth": 1, "numchild": 0, "placeholder": 12, "parent": null, "position": 2, "language": "ru", "plugin_type": "TextPlugin", "creation_date": "2024-05-21T20:49:25.102Z", "changed_date": "2024-05-21T20:50:14.253Z"}}, {"model": "cms.cmsplugin", "pk": 83, "fields": {"path": "0014", "depth": 1, "numchild": 0, "placeholder": 12, "parent": null, "position": 3, "language": "ru", "plugin_type": "TextPlugin", "creation_date": "2024-05-21T20:51:29.609Z", "changed_date": "2024-05-21T20:51:41.789Z"}}, {"model": "cms.cmsplugin", "pk": 84, "fields": {"path": "0015", "depth": 1, "numchild": 0, "placeholder": 12, "parent": null, "position": 4, "language": "ru", "plugin_type": "TextPlugin", "creation_date": "2024-05-21T20:52:00.921Z", "changed_date": "2024-05-21T20:52:22.229Z"}}, {"model": "cms.cmsplugin", "pk": 85, "fields": {"path": "0016", "depth": 1, "numchild": 0, "placeholder": 12, "parent": null, "position": 5, "language": "ru", "plugin_type": "TextPlugin", "creation_date": "2024-05-21T20:53:45.424Z", "changed_date": "2024-05-21T20:54:27.031Z"}}, {"model": "cms.cmsplugin", "pk": 86, "fields": {"path": "0017", "depth": 1, "numchild": 1, "placeholder": 13, "parent": null, "position": 0, "language": "ru", "plugin_type": "TextPlugin", "creation_date": "2024-05-21T20:44:20.937Z", "changed_date": "2024-05-21T20:54:50.693Z"}}, {"model": "cms.cmsplugin", "pk": 87, "fields": {"path": "00170001", "depth": 2, "numchild": 0, "placeholder": 13, "parent": 86, "position": 0, "language": "ru", "plugin_type": "Bootstrap4PicturePlugin", "creation_date": "2024-05-21T20:45:12.859Z", "changed_date": "2024-05-21T20:54:50.662Z"}}, {"model": "cms.cmsplugin", "pk": 88, "fields": {"path": "0018", "depth": 1, "numchild": 0, "placeholder": 13, "parent": null, "position": 1, "language": "ru", "plugin_type": "TextPlugin", "creation_date": "2024-05-21T20:46:50.646Z", "changed_date": "2024-05-21T20:54:50.700Z"}}, {"model": "cms.cmsplugin", "pk": 89, "fields": {"path": "0019", "depth": 1, "numchild": 0, "placeholder": 13, "parent": null, "position": 2, "language": "ru", "plugin_type": "TextPlugin", "creation_date": "2024-05-21T20:49:25.102Z", "changed_date": "2024-05-21T20:54:50.713Z"}}, {"model": "cms.cmsplugin", "pk": 90, "fields": {"path": "001A", "depth": 1, "numchild": 0, "placeholder": 13, "parent": null, "position": 3, "language": "ru", "plugin_type": "TextPlugin", "creation_date": "2024-05-21T20:51:29.609Z", "changed_date": "2024-05-21T20:54:50.719Z"}}, {"model": "cms.cmsplugin", "pk": 91, "fields": {"path": "001B", "depth": 1, "numchild": 0, "placeholder": 13, "parent": null, "position": 4, "language": "ru", "plugin_type": "TextPlugin", "creation_date": "2024-05-21T20:52:00.921Z", "changed_date": "2024-05-21T20:54:50.724Z"}}, {"model": "cms.cmsplugin", "pk": 92, "fields": {"path": "001C", "depth": 1, "numchild": 0, "placeholder": 13, "parent": null, "position": 5, "language": "ru", "plugin_type": "TextPlugin", "creation_date": "2024-05-21T20:53:45.424Z", "changed_date": "2024-05-21T20:54:50.730Z"}}, {"model": "cms.cmsplugin", "pk": 93, "fields": {"path": "001D", "depth": 1, "numchild": 1, "placeholder": 14, "parent": null, "position": 0, "language": "ru", "plugin_type": "TextPlugin", "creation_date": "2024-05-21T21:34:23.998Z", "changed_date": "2024-05-21T21:35:02.067Z"}}, {"model": "cms.cmsplugin", "pk": 94, "fields": {"path": "001D0001", "depth": 2, "numchild": 0, "placeholder": 14, "parent": 93, "position": 0, "language": "ru", "plugin_type": "Bootstrap4PicturePlugin", "creation_date": "2024-05-21T21:34:55.308Z", "changed_date": "2024-05-21T21:34:55.314Z"}}, {"model": "cms.cmsplugin", "pk": 95, "fields": {"path": "001E", "depth": 1, "numchild": 0, "placeholder": 14, "parent": null, "position": 1, "language": "ru", "plugin_type": "TextPlugin", "creation_date": "2024-05-21T21:36:53.664Z", "changed_date": "2024-05-21T21:37:23.288Z"}}, {"model": "cms.cmsplugin", "pk": 96, "fields": {"path": "001F", "depth": 1, "numchild": 0, "placeholder": 14, "parent": null, "position": 2, "language": "ru", "plugin_type": "TextPlugin", "creation_date": "2024-05-21T21:37:33.065Z", "changed_date": "2024-05-21T21:37:33.067Z"}}, {"model": "cms.cmsplugin", "pk": 97, "fields": {"path": "001G", "depth": 1, "numchild": 0, "placeholder": 14, "parent": null, "position": 3, "language": "ru", "plugin_type": "TextPlugin", "creation_date": "2024-05-21T21:38:52.907Z", "changed_date": "2024-05-21T21:39:39.816Z"}}, {"model": "cms.cmsplugin", "pk": 99, "fields": {"path": "001I", "depth": 1, "numchild": 0, "placeholder": 14, "parent": null, "position": 4, "language": "ru", "plugin_type": "TextPlugin", "creation_date": "2024-05-21T21:42:27.811Z", "changed_date": "2024-05-21T21:42:39.185Z"}}, {"model": "cms.cmsplugin", "pk": 100, "fields": {"path": "001J", "depth": 1, "numchild": 0, "placeholder": 14, "parent": null, "position": 6, "language": "ru", "plugin_type": "TextPlugin", "creation_date": "2024-05-21T21:42:58.555Z", "changed_date": "2024-05-21T21:43:20.803Z"}}, {"model": "cms.cmsplugin", "pk": 101, "fields": {"path": "001K", "depth": 1, "numchild": 0, "placeholder": 14, "parent": null, "position": 5, "language": "ru", "plugin_type": "TextPlugin", "creation_date": "2024-05-21T21:44:18.974Z", "changed_date": "2024-05-21T21:44:33.322Z"}}, {"model": "cms.cmsplugin", "pk": 102, "fields": {"path": "001L", "depth": 1, "numchild": 1, "placeholder": 15, "parent": null, "position": 0, "language": "ru", "plugin_type": "TextPlugin", "creation_date": "2024-05-21T21:34:23.998Z", "changed_date": "2024-05-21T21:45:10.180Z"}}, {"model": "cms.cmsplugin", "pk": 103, "fields": {"path": "001L0001", "depth": 2, "numchild": 0, "placeholder": 15, "parent": 102, "position": 0, "language": "ru", "plugin_type": "Bootstrap4PicturePlugin", "creation_date": "2024-05-21T21:34:55.308Z", "changed_date": "2024-05-21T21:45:10.155Z"}}, {"model": "cms.cmsplugin", "pk": 104, "fields": {"path": "001M", "depth": 1, "numchild": 0, "placeholder": 15, "parent": null, "position": 1, "language": "ru", "plugin_type": "TextPlugin", "creation_date": "2024-05-21T21:36:53.664Z", "changed_date": "2024-05-21T21:45:10.183Z"}}, {"model": "cms.cmsplugin", "pk": 105, "fields": {"path": "001N", "depth": 1, "numchild": 0, "placeholder": 15, "parent": null, "position": 3, "language": "ru", "plugin_type": "TextPlugin", "creation_date": "2024-05-21T21:38:52.907Z", "changed_date": "2024-05-21T21:45:10.195Z"}}, {"model": "cms.cmsplugin", "pk": 106, "fields": {"path": "001O", "depth": 1, "numchild": 0, "placeholder": 15, "parent": null, "position": 4, "language": "ru", "plugin_type": "TextPlugin", "creation_date": "2024-05-21T21:42:27.811Z", "changed_date": "2024-05-21T21:45:10.201Z"}}, {"model": "cms.cmsplugin", "pk": 107, "fields": {"path": "001P", "depth": 1, "numchild": 0, "placeholder": 15, "parent": null, "position": 6, "language": "ru", "plugin_type": "TextPlugin", "creation_date": "2024-05-21T21:42:58.555Z", "changed_date": "2024-05-21T21:45:10.207Z"}}, {"model": "cms.cmsplugin", "pk": 108, "fields": {"path": "001Q", "depth": 1, "numchild": 0, "placeholder": 15, "parent": null, "position": 5, "language": "ru", "plugin_type": "TextPlugin", "creation_date": "2024-05-21T21:44:18.974Z", "changed_date": "2024-05-21T21:45:10.214Z"}}, {"model": "cms.cmsplugin", "pk": 109, "fields": {"path": "001R", "depth": 1, "numchild": 1, "placeholder": 16, "parent": null, "position": 0, "language": "ru", "plugin_type": "TextPlugin", "creation_date": "2024-05-21T22:02:50.128Z", "changed_date": "2024-05-21T22:03:22.970Z"}}, {"model": "cms.cmsplugin", "pk": 110, "fields": {"path": "001R0001", "depth": 2, "numchild": 0, "placeholder": 16, "parent": 109, "position": 0, "language": "ru", "plugin_type": "Bootstrap4PicturePlugin", "creation_date": "2024-05-21T22:03:21.419Z", "changed_date": "2024-05-21T22:03:21.424Z"}}, {"model": "cms.cmsplugin", "pk": 111, "fields": {"path": "001S", "depth": 1, "numchild": 0, "placeholder": 16, "parent": null, "position": 1, "language": "ru", "plugin_type": "TextPlugin", "creation_date": "2024-05-21T22:06:30.974Z", "changed_date": "2024-05-21T22:07:01.643Z"}}, {"model": "cms.cmsplugin", "pk": 112, "fields": {"path": "001T", "depth": 1, "numchild": 0, "placeholder": 16, "parent": null, "position": 2, "language": "ru", "plugin_type": "TextPlugin", "creation_date": "2024-05-21T22:07:07.152Z", "changed_date": "2024-05-21T22:07:58.344Z"}}, {"model": "cms.cmsplugin", "pk": 113, "fields": {"path": "001U", "depth": 1, "numchild": 0, "placeholder": 16, "parent": null, "position": 3, "language": "ru", "plugin_type": "TextPlugin", "creation_date": "2024-05-21T22:09:11.211Z", "changed_date": "2024-05-21T22:09:43.383Z"}}, {"model": "cms.cmsplugin", "pk": 114, "fields": {"path": "001V", "depth": 1, "numchild": 0, "placeholder": 16, "parent": null, "position": 4, "language": "ru", "plugin_type": "TextPlugin", "creation_date": "2024-05-21T22:10:06.949Z", "changed_date": "2024-05-21T22:10:22.794Z"}}, {"model": "cms.cmsplugin", "pk": 115, "fields": {"path": "001W", "depth": 1, "numchild": 0, "placeholder": 16, "parent": null, "position": 5, "language": "ru", "plugin_type": "TextPlugin", "creation_date": "2024-05-21T22:10:39.078Z", "changed_date": "2024-05-21T22:11:01.588Z"}}, {"model": "cms.cmsplugin", "pk": 116, "fields": {"path": "001X", "depth": 1, "numchild": 1, "placeholder": 17, "parent": null, "position": 0, "language": "ru", "plugin_type": "TextPlugin", "creation_date": "2024-05-21T22:02:50.128Z", "changed_date": "2024-05-21T22:11:05.245Z"}}, {"model": "cms.cmsplugin", "pk": 117, "fields": {"path": "001X0001", "depth": 2, "numchild": 0, "placeholder": 17, "parent": 116, "position": 0, "language": "ru", "plugin_type": "Bootstrap4PicturePlugin", "creation_date": "2024-05-21T22:03:21.419Z", "changed_date": "2024-05-21T22:11:05.211Z"}}, {"model": "cms.cmsplugin", "pk": 118, "fields": {"path": "001Y", "depth": 1, "numchild": 0, "placeholder": 17, "parent": null, "position": 1, "language": "ru", "plugin_type": "TextPlugin", "creation_date": "2024-05-21T22:06:30.974Z", "changed_date": "2024-05-21T22:11:05.251Z"}}, {"model": "cms.cmsplugin", "pk": 119, "fields": {"path": "001Z", "depth": 1, "numchild": 0, "placeholder": 17, "parent": null, "position": 2, "language": "ru", "plugin_type": "TextPlugin", "creation_date": "2024-05-21T22:07:07.152Z", "changed_date": "2024-05-21T22:11:05.258Z"}}, {"model": "cms.cmsplugin", "pk": 120, "fields": {"path": "0020", "depth": 1, "numchild": 0, "placeholder": 17, "parent": null, "position": 3, "language": "ru", "plugin_type": "TextPlugin", "creation_date": "2024-05-21T22:09:11.211Z", "changed_date": "2024-05-21T22:11:05.265Z"}}, {"model": "cms.cmsplugin", "pk": 121, "fields": {"path": "0021", "depth": 1, "numchild": 0, "placeholder": 17, "parent": null, "position": 4, "language": "ru", "plugin_type": "TextPlugin", "creation_date": "2024-05-21T22:10:06.949Z", "changed_date": "2024-05-21T22:11:05.272Z"}}, {"model": "cms.cmsplugin", "pk": 122, "fields": {"path": "0022", "depth": 1, "numchild": 0, "placeholder": 17, "parent": null, "position": 5, "language": "ru", "plugin_type": "TextPlugin", "creation_date": "2024-05-21T22:10:39.078Z", "changed_date": "2024-05-21T22:11:05.279Z"}}, {"model": "cms.cmsplugin", "pk": 123, "fields": {"path": "0023", "depth": 1, "numchild": 1, "placeholder": 18, "parent": null, "position": 0, "language": "ru", "plugin_type": "TextPlugin", "creation_date": "2024-05-21T22:23:37.843Z", "changed_date": "2024-05-21T22:24:10.999Z"}}, {"model": "cms.cmsplugin", "pk": 124, "fields": {"path": "00230001", "depth": 2, "numchild": 0, "placeholder": 18, "parent": 123, "position": 0, "language": "ru", "plugin_type": "Bootstrap4PicturePlugin", "creation_date": "2024-05-21T22:24:09.182Z", "changed_date": "2024-05-21T22:24:09.187Z"}}, {"model": "cms.cmsplugin", "pk": 125, "fields": {"path": "0024", "depth": 1, "numchild": 0, "placeholder": 18, "parent": null, "position": 1, "language": "ru", "plugin_type": "TextPlugin", "creation_date": "2024-05-21T22:26:54.078Z", "changed_date": "2024-05-21T22:28:04.135Z"}}, {"model": "cms.cmsplugin", "pk": 126, "fields": {"path": "0025", "depth": 1, "numchild": 0, "placeholder": 18, "parent": null, "position": 2, "language": "ru", "plugin_type": "TextPlugin", "creation_date": "2024-05-21T22:28:48.093Z", "changed_date": "2024-05-21T22:30:37.153Z"}}, {"model": "cms.cmsplugin", "pk": 127, "fields": {"path": "0026", "depth": 1, "numchild": 0, "placeholder": 18, "parent": null, "position": 3, "language": "ru", "plugin_type": "TextPlugin", "creation_date": "2024-05-21T22:31:05.807Z", "changed_date": "2024-05-21T22:31:24.848Z"}}, {"model": "cms.cmsplugin", "pk": 128, "fields": {"path": "0027", "depth": 1, "numchild": 0, "placeholder": 18, "parent": null, "position": 4, "language": "ru", "plugin_type": "TextPlugin", "creation_date": "2024-05-21T22:31:42.149Z", "changed_date": "2024-05-21T22:31:56.440Z"}}, {"model": "cms.cmsplugin", "pk": 129, "fields": {"path": "0028", "depth": 1, "numchild": 0, "placeholder": 18, "parent": null, "position": 5, "language": "ru", "plugin_type": "TextPlugin", "creation_date": "2024-05-21T22:32:12.167Z", "changed_date": "2024-05-21T22:32:37.034Z"}}, {"model": "cms.cmsplugin", "pk": 130, "fields": {"path": "0029", "depth": 1, "numchild": 1, "placeholder": 19, "parent": null, "position": 0, "language": "ru", "plugin_type": "TextPlugin", "creation_date": "2024-05-21T22:23:37.843Z", "changed_date": "2024-05-21T22:32:43.878Z"}}, {"model": "cms.cmsplugin", "pk": 131, "fields": {"path": "00290001", "depth": 2, "numchild": 0, "placeholder": 19, "parent": 130, "position": 0, "language": "ru", "plugin_type": "Bootstrap4PicturePlugin", "creation_date": "2024-05-21T22:24:09.182Z", "changed_date": "2024-05-21T22:32:43.821Z"}}, {"model": "cms.cmsplugin", "pk": 132, "fields": {"path": "002A", "depth": 1, "numchild": 0, "placeholder": 19, "parent": null, "position": 1, "language": "ru", "plugin_type": "TextPlugin", "creation_date": "2024-05-21T22:26:54.078Z", "changed_date": "2024-05-21T22:32:43.887Z"}}, {"model": "cms.cmsplugin", "pk": 133, "fields": {"path": "002B", "depth": 1, "numchild": 0, "placeholder": 19, "parent": null, "position": 2, "language": "ru", "plugin_type": "TextPlugin", "creation_date": "2024-05-21T22:28:48.093Z", "changed_date": "2024-05-21T22:32:43.895Z"}}, {"model": "cms.cmsplugin", "pk": 134, "fields": {"path": "002C", "depth": 1, "numchild": 0, "placeholder": 19, "parent": null, "position": 3, "language": "ru", "plugin_type": "TextPlugin", "creation_date": "2024-05-21T22:31:05.807Z", "changed_date": "2024-05-21T22:32:43.903Z"}}, {"model": "cms.cmsplugin", "pk": 135, "fields": {"path": "002D", "depth": 1, "numchild": 0, "placeholder": 19, "parent": null, "position": 4, "language": "ru", "plugin_type": "TextPlugin", "creation_date": "2024-05-21T22:31:42.149Z", "changed_date": "2024-05-21T22:32:43.912Z"}}, {"model": "cms.cmsplugin", "pk": 136, "fields": {"path": "002E", "depth": 1, "numchild": 0, "placeholder": 19, "parent": null, "position": 5, "language": "ru", "plugin_type": "TextPlugin", "creation_date": "2024-05-21T22:32:12.167Z", "changed_date": "2024-05-21T22:32:43.921Z"}}, {"model": "cms.cmsplugin", "pk": 137, "fields": {"path": "002F", "depth": 1, "numchild": 1, "placeholder": 20, "parent": null, "position": 0, "language": "ru", "plugin_type": "TextPlugin", "creation_date": "2024-05-21T22:55:11.556Z", "changed_date": "2024-05-21T22:55:53.285Z"}}, {"model": "cms.cmsplugin", "pk": 138, "fields": {"path": "002F0001", "depth": 2, "numchild": 0, "placeholder": 20, "parent": 137, "position": 0, "language": "ru", "plugin_type": "Bootstrap4PicturePlugin", "creation_date": "2024-05-21T22:55:50.458Z", "changed_date": "2024-05-21T22:55:50.466Z"}}, {"model": "cms.cmsplugin", "pk": 139, "fields": {"path": "002G", "depth": 1, "numchild": 0, "placeholder": 20, "parent": null, "position": 1, "language": "ru", "plugin_type": "TextPlugin", "creation_date": "2024-05-21T22:56:43.072Z", "changed_date": "2024-05-21T22:57:15.794Z"}}, {"model": "cms.cmsplugin", "pk": 140, "fields": {"path": "002H", "depth": 1, "numchild": 0, "placeholder": 20, "parent": null, "position": 2, "language": "ru", "plugin_type": "TextPlugin", "creation_date": "2024-05-21T22:57:38.056Z", "changed_date": "2024-05-21T23:01:56.480Z"}}, {"model": "cms.cmsplugin", "pk": 141, "fields": {"path": "002I", "depth": 1, "numchild": 0, "placeholder": 20, "parent": null, "position": 3, "language": "ru", "plugin_type": "TextPlugin", "creation_date": "2024-05-21T22:58:11.870Z", "changed_date": "2024-05-21T22:58:27.347Z"}}, {"model": "cms.cmsplugin", "pk": 142, "fields": {"path": "002J", "depth": 1, "numchild": 0, "placeholder": 20, "parent": null, "position": 4, "language": "ru", "plugin_type": "TextPlugin", "creation_date": "2024-05-21T22:58:41.427Z", "changed_date": "2024-05-21T22:58:53.697Z"}}, {"model": "cms.cmsplugin", "pk": 143, "fields": {"path": "002K", "depth": 1, "numchild": 0, "placeholder": 20, "parent": null, "position": 5, "language": "ru", "plugin_type": "TextPlugin", "creation_date": "2024-05-21T23:00:09.695Z", "changed_date": "2024-05-21T23:00:27.199Z"}}, {"model": "cms.cmsplugin", "pk": 144, "fields": {"path": "002L", "depth": 1, "numchild": 0, "placeholder": 20, "parent": null, "position": 6, "language": "ru", "plugin_type": "TextPlugin", "creation_date": "2024-05-21T23:02:09.735Z", "changed_date": "2024-05-21T23:02:23.128Z"}}, {"model": "cms.cmsplugin", "pk": 145, "fields": {"path": "002M", "depth": 1, "numchild": 0, "placeholder": 20, "parent": null, "position": 7, "language": "ru", "plugin_type": "TextPlugin", "creation_date": "2024-05-21T23:02:55.882Z", "changed_date": "2024-05-21T23:03:17.064Z"}}, {"model": "cms.cmsplugin", "pk": 146, "fields": {"path": "002N", "depth": 1, "numchild": 1, "placeholder": 21, "parent": null, "position": 0, "language": "ru", "plugin_type": "TextPlugin", "creation_date": "2024-05-21T22:55:11.556Z", "changed_date": "2024-05-21T23:03:26.485Z"}}, {"model": "cms.cmsplugin", "pk": 147, "fields": {"path": "002N0001", "depth": 2, "numchild": 0, "placeholder": 21, "parent": 146, "position": 0, "language": "ru", "plugin_type": "Bootstrap4PicturePlugin", "creation_date": "2024-05-21T22:55:50.458Z", "changed_date": "2024-05-21T23:03:26.413Z"}}, {"model": "cms.cmsplugin", "pk": 148, "fields": {"path": "002O", "depth": 1, "numchild": 0, "placeholder": 21, "parent": null, "position": 1, "language": "ru", "plugin_type": "TextPlugin", "creation_date": "2024-05-21T22:56:43.072Z", "changed_date": "2024-05-21T23:03:26.493Z"}}, {"model": "cms.cmsplugin", "pk": 149, "fields": {"path": "002P", "depth": 1, "numchild": 0, "placeholder": 21, "parent": null, "position": 2, "language": "ru", "plugin_type": "TextPlugin", "creation_date": "2024-05-21T22:57:38.056Z", "changed_date": "2024-05-21T23:03:26.500Z"}}, {"model": "cms.cmsplugin", "pk": 150, "fields": {"path": "002Q", "depth": 1, "numchild": 0, "placeholder": 21, "parent": null, "position": 3, "language": "ru", "plugin_type": "TextPlugin", "creation_date": "2024-05-21T22:58:11.870Z", "changed_date": "2024-05-21T23:03:26.506Z"}}, {"model": "cms.cmsplugin", "pk": 151, "fields": {"path": "002R", "depth": 1, "numchild": 0, "placeholder": 21, "parent": null, "position": 4, "language": "ru", "plugin_type": "TextPlugin", "creation_date": "2024-05-21T22:58:41.427Z", "changed_date": "2024-05-21T23:03:26.510Z"}}, {"model": "cms.cmsplugin", "pk": 152, "fields": {"path": "002S", "depth": 1, "numchild": 0, "placeholder": 21, "parent": null, "position": 5, "language": "ru", "plugin_type": "TextPlugin", "creation_date": "2024-05-21T23:00:09.695Z", "changed_date": "2024-05-21T23:03:26.516Z"}}, {"model": "cms.cmsplugin", "pk": 153, "fields": {"path": "002T", "depth": 1, "numchild": 0, "placeholder": 21, "parent": null, "position": 6, "language": "ru", "plugin_type": "TextPlugin", "creation_date": "2024-05-21T23:02:09.735Z", "changed_date": "2024-05-21T23:03:26.522Z"}}, {"model": "cms.cmsplugin", "pk": 154, "fields": {"path": "002U", "depth": 1, "numchild": 0, "placeholder": 21, "parent": null, "position": 7, "language": "ru", "plugin_type": "TextPlugin", "creation_date": "2024-05-21T23:02:55.882Z", "changed_date": "2024-05-21T23:03:26.526Z"}}, {"model": "cms.cmsplugin", "pk": 155, "fields": {"path": "002V", "depth": 1, "numchild": 1, "placeholder": 22, "parent": null, "position": 0, "language": "ru", "plugin_type": "TextPlugin", "creation_date": "2024-05-22T05:57:28.123Z", "changed_date": "2024-05-22T13:22:26.069Z"}}, {"model": "cms.cmsplugin", "pk": 156, "fields": {"path": "002V0001", "depth": 2, "numchild": 0, "placeholder": 22, "parent": 155, "position": 0, "language": "ru", "plugin_type": "Bootstrap4PicturePlugin", "creation_date": "2024-05-22T05:58:24.967Z", "changed_date": "2024-05-22T05:58:24.973Z"}}, {"model": "cms.cmsplugin", "pk": 157, "fields": {"path": "002W", "depth": 1, "numchild": 0, "placeholder": 22, "parent": null, "position": 1, "language": "ru", "plugin_type": "TextPlugin", "creation_date": "2024-05-22T05:59:30.049Z", "changed_date": "2024-05-22T05:59:45.245Z"}}, {"model": "cms.cmsplugin", "pk": 158, "fields": {"path": "002X", "depth": 1, "numchild": 0, "placeholder": 22, "parent": null, "position": 2, "language": "ru", "plugin_type": "TextPlugin", "creation_date": "2024-05-22T06:00:24.586Z", "changed_date": "2024-05-22T06:00:53.985Z"}}, {"model": "cms.cmsplugin", "pk": 159, "fields": {"path": "002Y", "depth": 1, "numchild": 0, "placeholder": 22, "parent": null, "position": 3, "language": "ru", "plugin_type": "TextPlugin", "creation_date": "2024-05-22T06:01:22.071Z", "changed_date": "2024-05-22T06:01:35.780Z"}}, {"model": "cms.cmsplugin", "pk": 160, "fields": {"path": "002Z", "depth": 1, "numchild": 0, "placeholder": 22, "parent": null, "position": 4, "language": "ru", "plugin_type": "TextPlugin", "creation_date": "2024-05-22T06:01:56.099Z", "changed_date": "2024-05-22T06:02:16.708Z"}}, {"model": "cms.cmsplugin", "pk": 161, "fields": {"path": "0030", "depth": 1, "numchild": 0, "placeholder": 22, "parent": null, "position": 5, "language": "ru", "plugin_type": "TextPlugin", "creation_date": "2024-05-22T06:02:32.624Z", "changed_date": "2024-05-22T06:03:10.963Z"}}, {"model": "cms.cmsplugin", "pk": 162, "fields": {"path": "0031", "depth": 1, "numchild": 0, "placeholder": 22, "parent": null, "position": 6, "language": "ru", "plugin_type": "TextPlugin", "creation_date": "2024-05-22T06:04:00.170Z", "changed_date": "2024-05-22T06:04:26.215Z"}}, {"model": "cms.cmsplugin", "pk": 171, "fields": {"path": "0039", "depth": 1, "numchild": 1, "placeholder": 24, "parent": null, "position": 0, "language": "ru", "plugin_type": "TextPlugin", "creation_date": "2024-05-22T06:13:52.282Z", "changed_date": "2024-05-22T06:14:19.496Z"}}, {"model": "cms.cmsplugin", "pk": 172, "fields": {"path": "00390001", "depth": 2, "numchild": 0, "placeholder": 24, "parent": 171, "position": 0, "language": "ru", "plugin_type": "Bootstrap4PicturePlugin", "creation_date": "2024-05-22T06:14:16.231Z", "changed_date": "2024-05-22T06:14:16.237Z"}}, {"model": "cms.cmsplugin", "pk": 173, "fields": {"path": "003A", "depth": 1, "numchild": 0, "placeholder": 24, "parent": null, "position": 1, "language": "ru", "plugin_type": "TextPlugin", "creation_date": "2024-05-22T06:14:56.593Z", "changed_date": "2024-05-22T06:15:21.568Z"}}, {"model": "cms.cmsplugin", "pk": 174, "fields": {"path": "003B", "depth": 1, "numchild": 0, "placeholder": 24, "parent": null, "position": 2, "language": "ru", "plugin_type": "TextPlugin", "creation_date": "2024-05-22T06:15:53.321Z", "changed_date": "2024-05-22T06:16:14.884Z"}}, {"model": "cms.cmsplugin", "pk": 175, "fields": {"path": "003C", "depth": 1, "numchild": 0, "placeholder": 24, "parent": null, "position": 4, "language": "ru", "plugin_type": "TextPlugin", "creation_date": "2024-05-22T06:16:27.009Z", "changed_date": "2024-05-22T06:16:52.486Z"}}, {"model": "cms.cmsplugin", "pk": 181, "fields": {"path": "003H", "depth": 1, "numchild": 0, "placeholder": 24, "parent": null, "position": 3, "language": "ru", "plugin_type": "TextPlugin", "creation_date": "2024-05-22T06:17:45.146Z", "changed_date": "2024-05-22T06:20:40.362Z"}}, {"model": "cms.cmsplugin", "pk": 182, "fields": {"path": "003I", "depth": 1, "numchild": 1, "placeholder": 25, "parent": null, "position": 0, "language": "ru", "plugin_type": "TextPlugin", "creation_date": "2024-05-22T06:13:52.282Z", "changed_date": "2024-05-22T06:21:00.643Z"}}, {"model": "cms.cmsplugin", "pk": 183, "fields": {"path": "003I0001", "depth": 2, "numchild": 0, "placeholder": 25, "parent": 182, "position": 0, "language": "ru", "plugin_type": "Bootstrap4PicturePlugin", "creation_date": "2024-05-22T06:14:16.231Z", "changed_date": "2024-05-22T06:21:00.615Z"}}, {"model": "cms.cmsplugin", "pk": 184, "fields": {"path": "003J", "depth": 1, "numchild": 0, "placeholder": 25, "parent": null, "position": 1, "language": "ru", "plugin_type": "TextPlugin", "creation_date": "2024-05-22T06:14:56.593Z", "changed_date": "2024-05-22T06:21:00.649Z"}}, {"model": "cms.cmsplugin", "pk": 185, "fields": {"path": "003K", "depth": 1, "numchild": 0, "placeholder": 25, "parent": null, "position": 2, "language": "ru", "plugin_type": "TextPlugin", "creation_date": "2024-05-22T06:15:53.321Z", "changed_date": "2024-05-22T06:21:00.656Z"}}, {"model": "cms.cmsplugin", "pk": 186, "fields": {"path": "003L", "depth": 1, "numchild": 0, "placeholder": 25, "parent": null, "position": 4, "language": "ru", "plugin_type": "TextPlugin", "creation_date": "2024-05-22T06:16:27.009Z", "changed_date": "2024-05-22T06:21:00.664Z"}}, {"model": "cms.cmsplugin", "pk": 187, "fields": {"path": "003M", "depth": 1, "numchild": 0, "placeholder": 25, "parent": null, "position": 3, "language": "ru", "plugin_type": "TextPlugin", "creation_date": "2024-05-22T06:17:45.146Z", "changed_date": "2024-05-22T06:21:00.671Z"}}, {"model": "cms.cmsplugin", "pk": 188, "fields": {"path": "003N", "depth": 1, "numchild": 0, "placeholder": 6, "parent": null, "position": 0, "language": "ru", "plugin_type": "TextPlugin", "creation_date": "2024-05-22T09:06:49.317Z", "changed_date": "2024-05-22T09:07:07.036Z"}}, {"model": "cms.cmsplugin", "pk": 189, "fields": {"path": "003O", "depth": 1, "numchild": 0, "placeholder": 7, "parent": null, "position": 0, "language": "ru", "plugin_type": "TextPlugin", "creation_date": "2024-05-22T09:06:49.317Z", "changed_date": "2024-05-22T09:14:40.847Z"}}, {"model": "cms.cmsplugin", "pk": 191, "fields": {"path": "003P", "depth": 1, "numchild": 1, "placeholder": 23, "parent": null, "position": 0, "language": "ru", "plugin_type": "TextPlugin", "creation_date": "2024-05-22T05:57:28.123Z", "changed_date": "2024-05-22T13:24:14.242Z"}}, {"model": "cms.cmsplugin", "pk": 192, "fields": {"path": "003P0001", "depth": 2, "numchild": 0, "placeholder": 23, "parent": 191, "position": 0, "language": "ru", "plugin_type": "Bootstrap4PicturePlugin", "creation_date": "2024-05-22T05:58:24.967Z", "changed_date": "2024-05-22T13:24:14.202Z"}}, {"model": "cms.cmsplugin", "pk": 193, "fields": {"path": "003Q", "depth": 1, "numchild": 0, "placeholder": 23, "parent": null, "position": 1, "language": "ru", "plugin_type": "TextPlugin", "creation_date": "2024-05-22T05:59:30.049Z", "changed_date": "2024-05-22T13:24:14.250Z"}}, {"model": "cms.cmsplugin", "pk": 194, "fields": {"path": "003R", "depth": 1, "numchild": 0, "placeholder": 23, "parent": null, "position": 2, "language": "ru", "plugin_type": "TextPlugin", "creation_date": "2024-05-22T06:00:24.586Z", "changed_date": "2024-05-22T13:24:14.258Z"}}, {"model": "cms.cmsplugin", "pk": 195, "fields": {"path": "003S", "depth": 1, "numchild": 0, "placeholder": 23, "parent": null, "position": 3, "language": "ru", "plugin_type": "TextPlugin", "creation_date": "2024-05-22T06:01:22.071Z", "changed_date": "2024-05-22T13:24:14.266Z"}}, {"model": "cms.cmsplugin", "pk": 196, "fields": {"path": "003T", "depth": 1, "numchild": 0, "placeholder": 23, "parent": null, "position": 4, "language": "ru", "plugin_type": "TextPlugin", "creation_date": "2024-05-22T06:01:56.099Z", "changed_date": "2024-05-22T13:24:14.275Z"}}, {"model": "cms.cmsplugin", "pk": 197, "fields": {"path": "003U", "depth": 1, "numchild": 0, "placeholder": 23, "parent": null, "position": 5, "language": "ru", "plugin_type": "TextPlugin", "creation_date": "2024-05-22T06:02:32.624Z", "changed_date": "2024-05-22T13:24:14.283Z"}}, {"model": "cms.cmsplugin", "pk": 198, "fields": {"path": "003V", "depth": 1, "numchild": 0, "placeholder": 23, "parent": null, "position": 6, "language": "ru", "plugin_type": "TextPlugin", "creation_date": "2024-05-22T06:04:00.170Z", "changed_date": "2024-05-22T13:24:14.283Z"}}, {"model": "cms.title", "pk": 1, "fields": {"language": "ru", "title": "Main", "page_title": null, "menu_title": null, "meta_description": null, "slug": "main", "path": "", "has_url_overwrite": false, "redirect": null, "page": 1, "creation_date": "2024-05-11T09:23:09.008Z", "published": true, "publisher_is_draft": true, "publisher_public": 2, "publisher_state": 0}}, {"model": "cms.title", "pk": 2, "fields": {"language": "ru", "title": "Main", "page_title": null, "menu_title": null, "meta_description": null, "slug": "main", "path": "", "has_url_overwrite": false, "redirect": null, "page": 2, "creation_date": "2024-05-11T09:23:09.008Z", "published": true, "publisher_is_draft": false, "publisher_public": 1, "publisher_state": 0}}, {"model": "cms.title", "pk": 3, "fields": {"language": "ru", "title": " ", "page_title": null, "menu_title": null, "meta_description": null, "slug": "sotrudniki-kafedry", "path": "sotrudniki-kafedry", "has_url_overwrite": false, "redirect": null, "page": 3, "creation_date": "2024-05-20T19:58:06.371Z", "published": true, "publisher_is_draft": true, "publisher_public": 4, "publisher_state": 0}}, {"model": "cms.title", "pk": 4, "fields": {"language": "ru", "title": " ", "page_title": null, "menu_title": null, "meta_description": null, "slug": "sotrudniki-kafedry", "path": "sotrudniki-kafedry", "has_url_overwrite": false, "redirect": null, "page": 4, "creation_date": "2024-05-20T19:58:06.371Z", "published": true, "publisher_is_draft": false, "publisher_public": 3, "publisher_state": 0}}, {"model": "cms.title", "pk": 5, "fields": {"language": "ru", "title": "__", "page_title": null, "menu_title": null, "meta_description": null, "slug": "a_n_kurbackij", "path": "sotrudniki-kafedry/a_n_kurbackij", "has_url_overwrite": false, "redirect": null, "page": 5, "creation_date": "2024-05-21T19:20:59.336Z", "published": true, "publisher_is_draft": true, "publisher_public": 6, "publisher_state": 1}}, {"model": "cms.title", "pk": 6, "fields": {"language": "ru", "title": "__", "page_title": null, "menu_title": null, "meta_description": null, "slug": "a_n_kurbackij", "path": "sotrudniki-kafedry/a_n_kurbackij", "has_url_overwrite": false, "redirect": null, "page": 6, "creation_date": "2024-05-21T19:20:59.336Z", "published": true, "publisher_is_draft": false, "publisher_public": 5, "publisher_state": 0}}, {"model": "cms.title", "pk": 7, "fields": {"language": "ru", "title": "__", "page_title": null, "menu_title": null, "meta_description": null, "slug": "i_s_vojteshenko", "path": "sotrudniki-kafedry/i_s_vojteshenko", "has_url_overwrite": false, "redirect": null, "page": 7, "creation_date": "2024-05-21T20:10:04.413Z", "published": true, "publisher_is_draft": true, "publisher_public": 8, "publisher_state": 0}}, {"model": "cms.title", "pk": 8, "fields": {"language": "ru", "title": "__", "page_title": null, "menu_title": null, "meta_description": null, "slug": "i_s_vojteshenko", "path": "sotrudniki-kafedry/i_s_vojteshenko", "has_url_overwrite": false, "redirect": null, "page": 8, "creation_date": "2024-05-21T20:10:04.413Z", "published": true, "publisher_is_draft": false, "publisher_public": 7, "publisher_state": 0}}, {"model": "cms.title", "pk": 9, "fields": {"language": "ru", "title": "__", "page_title": null, "menu_title": null, "meta_description": null, "slug": "v_v_goryachkin", "path": "sotrudniki-kafedry/v_v_goryachkin", "has_url_overwrite": false, "redirect": null, "page": 9, "creation_date": "2024-05-21T20:38:01.360Z", "published": true, "publisher_is_draft": true, "publisher_public": 10, "publisher_state": 0}}, {"model": "cms.title", "pk": 10, "fields": {"language": "ru", "title": "__", "page_title": null, "menu_title": null, "meta_description": null, "slug": "v_v_goryachkin", "path": "sotrudniki-kafedry/v_v_goryachkin", "has_url_overwrite": false, "redirect": null, "page": 10, "creation_date": "2024-05-21T20:38:01.360Z", "published": true, "publisher_is_draft": false, "publisher_public": 9, "publisher_state": 0}}, {"model": "cms.title", "pk": 11, "fields": {"language": "ru", "title": "__", "page_title": null, "menu_title": null, "meta_description": null, "slug": "k_a_zubovich", "path": "sotrudniki-kafedry/k_a_zubovich", "has_url_overwrite": false, "redirect": null, "page": 11, "creation_date": "2024-05-21T21:32:52.639Z", "published": true, "publisher_is_draft": true, "publisher_public": 12, "publisher_state": 0}}, {"model": "cms.title", "pk": 12, "fields": {"language": "ru", "title": "__", "page_title": null, "menu_title": null, "meta_description": null, "slug": "k_a_zubovich", "path": "sotrudniki-kafedry/k_a_zubovich", "has_url_overwrite": false, "redirect": null, "page": 12, "creation_date": "2024-05-21T21:32:52.639Z", "published": true, "publisher_is_draft": false, "publisher_public": 11, "publisher_state": 0}}, {"model": "cms.title", "pk": 13, "fields": {"language": "ru", "title": "__", "page_title": null, "menu_title": null, "meta_description": null, "slug": "e_a_levchuk", "path": "sotrudniki-kafedry/e_a_levchuk", "has_url_overwrite": false, "redirect": null, "page": 13, "creation_date": "2024-05-21T22:01:57.725Z", "published": true, "publisher_is_draft": true, "publisher_public": 14, "publisher_state": 0}}, {"model": "cms.title", "pk": 14, "fields": {"language": "ru", "title": "__", "page_title": null, "menu_title": null, "meta_description": null, "slug": "e_a_levchuk", "path": "sotrudniki-kafedry/e_a_levchuk", "has_url_overwrite": false, "redirect": null, "page": 14, "creation_date": "2024-05-21T22:01:57.725Z", "published": true, "publisher_is_draft": false, "publisher_public": 13, "publisher_state": 0}}, {"model": "cms.title", "pk": 15, "fields": {"language": "ru", "title": "__", "page_title": null, "menu_title": null, "meta_description": null, "slug": "m_a_davidovskaya", "path": "sotrudniki-kafedry/m_a_davidovskaya", "has_url_overwrite": false, "redirect": null, "page": 15, "creation_date": "2024-05-21T22:22:55.333Z", "published": true, "publisher_is_draft": true, "publisher_public": 16, "publisher_state": 0}}, {"model": "cms.title", "pk": 16, "fields": {"language": "ru", "title": "__", "page_title": null, "menu_title": null, "meta_description": null, "slug": "m_a_davidovskaya", "path": "sotrudniki-kafedry/m_a_davidovskaya", "has_url_overwrite": false, "redirect": null, "page": 16, "creation_date": "2024-05-21T22:22:55.333Z", "published": true, "publisher_is_draft": false, "publisher_public": 15, "publisher_state": 0}}, {"model": "cms.title", "pk": 17, "fields": {"language": "ru", "title": "__", "page_title": null, "menu_title": null, "meta_description": null, "slug": "t_a_zenko", "path": "sotrudniki-kafedry/t_a_zenko", "has_url_overwrite": false, "redirect": null, "page": 17, "creation_date": "2024-05-21T22:53:46.399Z", "published": true, "publisher_is_draft": true, "publisher_public": 18, "publisher_state": 0}}, {"model": "cms.title", "pk": 18, "fields": {"language": "ru", "title": "__", "page_title": null, "menu_title": null, "meta_description": null, "slug": "t_a_zenko", "path": "sotrudniki-kafedry/t_a_zenko", "has_url_overwrite": false, "redirect": null, "page": 18, "creation_date": "2024-05-21T22:53:46.399Z", "published": true, "publisher_is_draft": false, "publisher_public": 17, "publisher_state": 0}}, {"model": "cms.title", "pk": 19, "fields": {"language": "ru", "title": "__", "page_title": null, "menu_title": null, "meta_description": null, "slug": "n_a_karpovich", "path": "sotrudniki-kafedry/n_a_karpovich", "has_url_overwrite": false, "redirect": null, "page": 19, "creation_date": "2024-05-22T05:57:13.919Z", "published": true, "publisher_is_draft": true, "publisher_public": 20, "publisher_state": 0}}, {"model": "cms.title", "pk": 20, "fields": {"language": "ru", "title": "__", "page_title": null, "menu_title": null, "meta_description": null, "slug": "n_a_karpovich", "path": "sotrudniki-kafedry/n_a_karpovich", "has_url_overwrite": false, "redirect": null, "page": 20, "creation_date": "2024-05-22T05:57:13.919Z", "published": true, "publisher_is_draft": false, "publisher_public": 19, "publisher_state": 0}}, {"model": "cms.title", "pk": 21, "fields": {"language": "ru", "title": "__", "page_title": null, "menu_title": null, "meta_description": null, "slug": "e_v_pazyura", "path": "sotrudniki-kafedry/e_v_pazyura", "has_url_overwrite": false, "redirect": null, "page": 21, "creation_date": "2024-05-22T06:11:55.835Z", "published": true, "publisher_is_draft": true, "publisher_public": 22, "publisher_state": 0}}, {"model": "cms.title", "pk": 22, "fields": {"language": "ru", "title": "__", "page_title": null, "menu_title": null, "meta_description": null, "slug": "e_v_pazyura", "path": "sotrudniki-kafedry/e_v_pazyura", "has_url_overwrite": false, "redirect": null, "page": 22, "creation_date": "2024-05-22T06:11:55.835Z", "published": true, "publisher_is_draft": false, "publisher_public": 21, "publisher_state": 0}}, {"model": "cms.urlconfrevision", "pk": 1, "fields": {"revision": "471be3f1-c334-4428-bcc4-8e8ca14eaa04"}}, {"model": "menus.cachekey", "pk": 55, "fields": {"language": "ru", "site": 1, "key": "cms_3.8.2_menu_nodes_ru_1_1_user:public"}}, {"model": "menus.cachekey", "pk": 56, "fields": {"language": "ru", "site": 1, "key": "cms_3.8.2_menu_nodes_ru_1_1_user:draft"}}, {"model": "menus.cachekey", "pk": 57, "fields": {"language": "ru", "site": 1, "key": "cms_3.8.2_menu_nodes_ru_1:public"}}, {"model": "djangocms_text_ckeditor.text", "pk": 36, "fields": {"body": "<h2 style=\"margin-left: 40px;\"></h2>\n\n<ul>\n\t<li style=\"margin-left: 40px;\">    ,</li>\n\t<li style=\"margin-left: 40px;\"></li>\n\t<li style=\"margin-left: 40px;\">    </li>\n\t<li style=\"margin-left: 40px;\">  </li>\n</ul>"}}, {"model": "djangocms_text_ckeditor.text", "pk": 37, "fields": {"body": "<h2 style=\"margin-left: 40px;\"> </h2>\n\n<ul>\n\t<li style=\"margin-left: 40px;\">   </li>\n\t<li style=\"margin-left: 40px;\">     </li>\n\t<li style=\"margin-left: 40px;\">    </li>\n\t<li style=\"margin-left: 40px;\">   </li>\n\t<li style=\"margin-left: 40px;\">   </li>\n</ul>"}}, {"model": "djangocms_text_ckeditor.text", "pk": 42, "fields": {"body": "<h1 style=\"margin-left: 40px;\"> </h1>\n\n<p style=\"margin-left: 80px;\"><cms-plugin alt=\"Picture / Image - 43 \" title=\"Picture / Image - 43\" id=\"43\"></cms-plugin></p>"}}, {"model": "djangocms_text_ckeditor.text", "pk": 44, "fields": {"body": "<h2 style=\"margin-left: 40px;\"> </h2>\n\n<ul style=\"margin-left: 40px;\">\n\t<li>  ,</li>\n\t<li>   ,</li>\n\t<li> ,</li>\n\t<li> ,</li>\n\t<li>   ,</li>\n\t<li>- ,</li>\n\t<li>- ,</li>\n\t<li> .</li>\n</ul>"}}, {"model": "djangocms_text_ckeditor.text", "pk": 45, "fields": {"body": "<h2 style=\"margin-left: 40px;\"> </h2>\n\n<ul>\n\t<li style=\"margin-left: 40px;\"><a href=\"https://elib.bsu.by/browse?type=author&amp;value=%2C+.+.&amp;sort_by=2&amp;order=DESC&amp;rpp=20&amp;etal=0&amp;submit_browse=Update\">    </a></li>\n\t<li style=\"margin-left: 40px;\"><a href=\"https://www.scopus.com/authid/detail.uri?authorId=55887004000\">Scopus</a></li>\n</ul>"}}, {"model": "djangocms_text_ckeditor.text", "pk": 52, "fields": {"body": "<h1 data-v-d8f85a8c=\"\" style=\"margin-left: 40px;\"> </h1>\n\n<p style=\"margin-left: 80px;\"><cms-plugin alt=\"Picture / Image - 53 \" title=\"Picture / Image - 53\" id=\"53\"></cms-plugin></p>"}}, {"model": "djangocms_text_ckeditor.text", "pk": 56, "fields": {"body": "<h2 style=\"margin-left: 40px;\"> :</h2>\n\n<ul>\n\t<li style=\"margin-left: 40px;\">    </li>\n\t<li style=\"margin-left: 40px;\">  </li>\n</ul>"}}, {"model": "djangocms_text_ckeditor.text", "pk": 60, "fields": {"body": "<h2 align=\"justify\" style=\"margin-left: 40px;\"><strong> </strong></h2>\n\n<ul>\n\t<li style=\"margin-left: 40px;\">1978      .</li>\n\t<li style=\"margin-left: 40px;\">1987             05.13.11       ,     05.13.13   ,   </li>\n\t<li style=\"margin-left: 40px;\">1990          .</li>\n\t<li style=\"margin-left: 40px;\">1999             05.13.01    .</li>\n\t<li style=\"margin-left: 40px;\">2001       ,    .</li>\n\t<li style=\"margin-left: 40px;\">2001        </li>\n</ul>"}}, {"model": "djangocms_text_ckeditor.text", "pk": 61, "fields": {"body": "<h2 style=\"margin-left: 40px;\"> :</h2>\n\n<ul>\n\t<li style=\"margin-left: 40px;\">    ,</li>\n\t<li style=\"margin-left: 40px;\"></li>\n\t<li style=\"margin-left: 40px;\">    </li>\n\t<li style=\"margin-left: 40px;\">  </li>\n</ul>"}}, {"model": "djangocms_text_ckeditor.text", "pk": 62, "fields": {"body": "<h2 style=\"margin-left: 40px;\"> </h2>\n\n<ul>\n\t<li style=\"margin-left: 40px;\">   </li>\n\t<li style=\"margin-left: 40px;\">     </li>\n\t<li style=\"margin-left: 40px;\">    </li>\n\t<li style=\"margin-left: 40px;\">   </li>\n\t<li style=\"margin-left: 40px;\">   </li>\n</ul>"}}, {"model": "djangocms_text_ckeditor.text", "pk": 63, "fields": {"body": "<h1 style=\"margin-left: 40px;\"> </h1>\n\n<p style=\"margin-left: 80px;\"><cms-plugin alt=\"Picture / Image - 64 \" title=\"Picture / Image - 64\" id=\"64\"></cms-plugin></p>"}}, {"model": "djangocms_text_ckeditor.text", "pk": 65, "fields": {"body": "<h2 style=\"margin-left: 40px;\"> </h2>\n\n<ul style=\"margin-left: 40px;\">\n\t<li>  ,</li>\n\t<li>   ,</li>\n\t<li> ,</li>\n\t<li> ,</li>\n\t<li>   ,</li>\n\t<li>- ,</li>\n\t<li>- ,</li>\n\t<li> .</li>\n</ul>"}}, {"model": "djangocms_text_ckeditor.text", "pk": 66, "fields": {"body": "<h2 style=\"margin-left: 40px;\"> :</h2>\n\n<ul>\n\t<li>\n\t<p style=\"margin-left: 40px;\"><a href=\"https://elib.bsu.by/browse?type=author&amp;value=%2C+.+.&amp;sort_by=2&amp;order=DESC&amp;rpp=20&amp;etal=0&amp;submit_browse=Update\">    </a></p>\n\t</li>\n\t<li>\n\t<p style=\"margin-left: 40px;\"><a href=\"https://www.scopus.com/authid/detail.uri?authorId=55887004000\">Scopus</a></p>\n\t</li>\n</ul>"}}, {"model": "djangocms_text_ckeditor.text", "pk": 67, "fields": {"body": "<h2 align=\"justify\" style=\"margin-left: 40px;\"><strong> </strong></h2>\n\n<ul>\n\t<li style=\"margin-left: 40px;\">1978      .</li>\n\t<li style=\"margin-left: 40px;\">1987             05.13.11       ,     05.13.13   ,   </li>\n\t<li style=\"margin-left: 40px;\">1990          .</li>\n\t<li style=\"margin-left: 40px;\">1999             05.13.01    .</li>\n\t<li style=\"margin-left: 40px;\">2001       ,    .</li>\n\t<li style=\"margin-left: 40px;\">2001        </li>\n</ul>"}}, {"model": "djangocms_text_ckeditor.text", "pk": 68, "fields": {"body": "<h2 align=\"justify\" style=\"margin-left: 40px;\"><strong> </strong></h2>\n\n<ul>\n\t<li style=\"margin-left: 40px;\">  1954    .</li>\n\t<li style=\"margin-left: 40px;\">1971-1976 ..   -    .</li>\n\t<li style=\"margin-left: 40px;\">1976-1983 ..  , ,       .</li>\n\t<li style=\"margin-left: 40px;\">1983-1989 ..   ,   .</li>\n\t<li style=\"margin-left: 40px;\"> 1989 .   .</li>\n\t<li style=\"margin-left: 40px;\">   (1982 ., . ),  (1988 .).</li>\n</ul>\n\n<p align=\"justify\"></p>"}}, {"model": "djangocms_text_ckeditor.text", "pk": 69, "fields": {"body": "<h2 style=\"margin-left: 40px;\"> </h2>\n\n<ul>\n\t<li style=\"margin-left: 40px;\">  </li>\n\t<li style=\"margin-left: 40px;\">  </li>\n\t<li style=\"margin-left: 40px;\">   </li>\n\t<li style=\"margin-left: 40px;\">    Web -  Web </li>\n\t<li style=\"margin-left: 40px;\"> ASP.NET    Web -</li>\n</ul>"}}, {"model": "djangocms_text_ckeditor.text", "pk": 70, "fields": {"body": "<h2 style=\"margin-left: 40px;\"> </h2>\n\n<ul>\n\t<li style=\"margin-left: 40px;\">   Web- </li>\n\t<li style=\"margin-left: 40px;\"></li>\n\t<li style=\"margin-left: 40px;\">   </li>\n</ul>"}}, {"model": "djangocms_text_ckeditor.text", "pk": 71, "fields": {"body": "<h2 style=\"margin-left: 40px;\"></h2>\n\n<ul>\n\t<li style=\"margin-left: 40px;\"><a href=\"https://elib.bsu.by/browse?type=author&amp;value=%D0%92%D0%BE%D0%B9%D1%82%D0%B5%D1%88%D0%B5%D0%BD%D0%BA%D0%BE%2C+%D0%98.+%D0%A1.&amp;sort_by=2&amp;order=DESC&amp;rpp=20&amp;etal=0&amp;submit_browse=Update\" target=\"_blank\">    </a></li>\n\t<li style=\"margin-left: 40px;\"><a href=\"https://scholar.google.es/citations?hl=ru&amp;pli=1&amp;user=S3Ejg-kAAAAJ\" target=\"_blank\">Google Scholar</a></li>\n\t<li style=\"margin-left: 40px;\"><a href=\"https://www.scopus.com/authid/detail.uri?authorId=55993274600\" target=\"_blank\">Scopus</a></li>\n\t<li style=\"margin-left: 40px;\"><a href=\"https://orcid.org/0000-0002-0134-1793\" target=\"_blank\">ORCID</a></li>\n\t<li style=\"margin-left: 40px;\"><a href=\"https://elibrary.ru/author_profile.asp?id=671069\" target=\"_blank\">eLIBRARY</a></li>\n</ul>"}}, {"model": "djangocms_text_ckeditor.text", "pk": 72, "fields": {"body": "<h1 data-v-d8f85a8c=\"\" style=\"margin-left: 40px;\"> </h1>\n\n<p style=\"margin-left: 80px;\"><cms-plugin alt=\"Picture / Image - 73 \" title=\"Picture / Image - 73\" id=\"73\"></cms-plugin></p>"}}, {"model": "djangocms_text_ckeditor.text", "pk": 74, "fields": {"body": "<h2 style=\"margin-left: 40px;\"> :</h2>\n\n<ul>\n\t<li style=\"margin-left: 40px;\">    </li>\n\t<li style=\"margin-left: 40px;\">  </li>\n</ul>"}}, {"model": "djangocms_text_ckeditor.text", "pk": 75, "fields": {"body": "<h2 align=\"justify\" style=\"margin-left: 40px;\"><strong> </strong></h2>\n\n<ul>\n\t<li style=\"margin-left: 40px;\">  1954    .</li>\n\t<li style=\"margin-left: 40px;\">1971-1976 ..   -    .</li>\n\t<li style=\"margin-left: 40px;\">1976-1983 ..  , ,       .</li>\n\t<li style=\"margin-left: 40px;\">1983-1989 ..   ,   .</li>\n\t<li style=\"margin-left: 40px;\"> 1989 .   .</li>\n\t<li style=\"margin-left: 40px;\">   (1982 ., . ),  (1988 .).</li>\n</ul>\n\n<p align=\"justify\"></p>"}}, {"model": "djangocms_text_ckeditor.text", "pk": 76, "fields": {"body": "<h2 style=\"margin-left: 40px;\"> </h2>\n\n<ul>\n\t<li style=\"margin-left: 40px;\">  </li>\n\t<li style=\"margin-left: 40px;\">  </li>\n\t<li style=\"margin-left: 40px;\">   </li>\n\t<li style=\"margin-left: 40px;\">    Web -  Web </li>\n\t<li style=\"margin-left: 40px;\"> ASP.NET    Web -</li>\n</ul>"}}, {"model": "djangocms_text_ckeditor.text", "pk": 77, "fields": {"body": "<h2 style=\"margin-left: 40px;\"> </h2>\n\n<ul>\n\t<li style=\"margin-left: 40px;\">   Web- </li>\n\t<li style=\"margin-left: 40px;\"></li>\n\t<li style=\"margin-left: 40px;\">   </li>\n</ul>"}}, {"model": "djangocms_text_ckeditor.text", "pk": 78, "fields": {"body": "<h2 style=\"margin-left: 40px;\"></h2>\n\n<ul>\n\t<li style=\"margin-left: 40px;\"><a href=\"https://elib.bsu.by/browse?type=author&amp;value=%D0%92%D0%BE%D0%B9%D1%82%D0%B5%D1%88%D0%B5%D0%BD%D0%BA%D0%BE%2C+%D0%98.+%D0%A1.&amp;sort_by=2&amp;order=DESC&amp;rpp=20&amp;etal=0&amp;submit_browse=Update\" target=\"_blank\">    </a></li>\n\t<li style=\"margin-left: 40px;\"><a href=\"https://scholar.google.es/citations?hl=ru&amp;pli=1&amp;user=S3Ejg-kAAAAJ\" target=\"_blank\">Google Scholar</a></li>\n\t<li style=\"margin-left: 40px;\"><a href=\"https://www.scopus.com/authid/detail.uri?authorId=55993274600\" target=\"_blank\">Scopus</a></li>\n\t<li style=\"margin-left: 40px;\"><a href=\"https://orcid.org/0000-0002-0134-1793\" target=\"_blank\">ORCID</a></li>\n\t<li style=\"margin-left: 40px;\"><a href=\"https://elibrary.ru/author_profile.asp?id=671069\" target=\"_blank\">eLIBRARY</a></li>\n</ul>"}}, {"model": "djangocms_text_ckeditor.text", "pk": 79, "fields": {"body": "<h1 data-v-d8f85a8c=\"\" style=\"margin-left: 40px;\"> </h1>\n\n<p style=\"margin-left: 80px;\"><cms-plugin alt=\"Picture / Image - 80 \" title=\"Picture / Image - 80\" id=\"80\"></cms-plugin></p>"}}, {"model": "djangocms_text_ckeditor.text", "pk": 81, "fields": {"body": "<h2 align=\"justify\" style=\"margin-left: 40px;\"><strong> </strong></h2>\n\n<ul>\n\t<li style=\"margin-left: 40px;\"> : .  ( )</li>\n\t<li style=\"margin-left: 40px;\">1963  . - 1964 .     , . ( )</li>\n\t<li style=\"margin-left: 40px;\">1964. - 1969.   , </li>\n\t<li style=\"margin-left: 40px;\">1969. - 1971.   , </li>\n\t<li style=\"margin-left: 40px;\">1971. - 1972.    , </li>\n\t<li style=\"margin-left: 40px;\">1972. - 1991.  (),  </li>\n\t<li style=\"margin-left: 40px;\">1986. - 1989.      </li>\n\t<li style=\"margin-left: 40px;\">1991  . -     , </li>\n\t<li style=\"margin-left: 40px;\"> 1990 .       </li>\n\t<li style=\"margin-left: 40px;\"> 1993 .   </li>\n</ul>"}}, {"model": "djangocms_text_ckeditor.text", "pk": 82, "fields": {"body": "<h2 style=\"margin-left: 40px;\"> :</h2>\n\n<ul>\n\t<li style=\"margin-left: 40px;\">    </li>\n\t<li style=\"margin-left: 40px;\"> - </li>\n</ul>"}}, {"model": "djangocms_text_ckeditor.text", "pk": 83, "fields": {"body": "<h2 align=\"justify\" style=\"margin-left: 40px;\"><strong> </strong></h2>\n\n<ul>\n\t<li style=\"margin-left: 40px;\">   </li>\n\t<li style=\"margin-left: 40px;\">    </li>\n</ul>"}}, {"model": "djangocms_text_ckeditor.text", "pk": 84, "fields": {"body": "<h2 align=\"justify\" style=\"margin-left: 40px;\"><strong>    </strong></h2>\n\n<ul>\n\t<li style=\"margin-left: 40px;\"></li>\n\t<li style=\"margin-left: 40px;\"> </li>\n\t<li style=\"margin-left: 40px;\"> </li>\n</ul>"}}, {"model": "djangocms_text_ckeditor.text", "pk": 85, "fields": {"body": "<h2 style=\"margin-left: 40px;\"></h2>\n\n<ul>\n\t<li style=\"margin-left: 40px;\"><a href=\"https://elib.bsu.by/browse?type=author&amp;value=%D0%93%D0%BE%D1%80%D1%8F%D1%87%D0%BA%D0%B8%D0%BD%2C+%D0%92.+%D0%92.&amp;sort_by=2&amp;order=DESC&amp;rpp=20&amp;etal=0&amp;submit_browse=Update\" target=\"_blank\">    </a></li>\n\t<li style=\"margin-left: 40px;\"><a href=\"https://scholar.google.ru/citations?user=BqZUi8AAAAAJ&amp;hl=ru\" target=\"_blank\">Google Scholar</a></li>\n\t<li style=\"margin-left: 40px;\"><a href=\"https://www.scopus.com/authid/detail.uri?authorId=6602754078\" target=\"_blank\">Scopus</a></li>\n</ul>"}}, {"model": "djangocms_text_ckeditor.text", "pk": 86, "fields": {"body": "<h1 data-v-d8f85a8c=\"\" style=\"margin-left: 40px;\"> </h1>\n\n<p style=\"margin-left: 80px;\"><cms-plugin alt=\"Picture / Image - 87 \" title=\"Picture / Image - 87\" id=\"87\"></cms-plugin></p>"}}, {"model": "djangocms_text_ckeditor.text", "pk": 88, "fields": {"body": "<h2 align=\"justify\" style=\"margin-left: 40px;\"><strong> </strong></h2>\n\n<ul>\n\t<li style=\"margin-left: 40px;\"> : .  ( )</li>\n\t<li style=\"margin-left: 40px;\">1963  . - 1964 .     , . ( )</li>\n\t<li style=\"margin-left: 40px;\">1964. - 1969.   , </li>\n\t<li style=\"margin-left: 40px;\">1969. - 1971.   , </li>\n\t<li style=\"margin-left: 40px;\">1971. - 1972.    , </li>\n\t<li style=\"margin-left: 40px;\">1972. - 1991.  (),  </li>\n\t<li style=\"margin-left: 40px;\">1986. - 1989.      </li>\n\t<li style=\"margin-left: 40px;\">1991  . -     , </li>\n\t<li style=\"margin-left: 40px;\"> 1990 .       </li>\n\t<li style=\"margin-left: 40px;\"> 1993 .   </li>\n</ul>"}}, {"model": "djangocms_text_ckeditor.text", "pk": 89, "fields": {"body": "<h2 style=\"margin-left: 40px;\"> :</h2>\n\n<ul>\n\t<li style=\"margin-left: 40px;\">    </li>\n\t<li style=\"margin-left: 40px;\"> - </li>\n</ul>"}}, {"model": "djangocms_text_ckeditor.text", "pk": 90, "fields": {"body": "<h2 align=\"justify\" style=\"margin-left: 40px;\"><strong> </strong></h2>\n\n<ul>\n\t<li style=\"margin-left: 40px;\">   </li>\n\t<li style=\"margin-left: 40px;\">    </li>\n</ul>"}}, {"model": "djangocms_text_ckeditor.text", "pk": 91, "fields": {"body": "<h2 align=\"justify\" style=\"margin-left: 40px;\"><strong>    </strong></h2>\n\n<ul>\n\t<li style=\"margin-left: 40px;\"></li>\n\t<li style=\"margin-left: 40px;\"> </li>\n\t<li style=\"margin-left: 40px;\"> </li>\n</ul>"}}, {"model": "djangocms_text_ckeditor.text", "pk": 92, "fields": {"body": "<h2 style=\"margin-left: 40px;\"></h2>\n\n<ul>\n\t<li style=\"margin-left: 40px;\"><a href=\"https://elib.bsu.by/browse?type=author&amp;value=%D0%93%D0%BE%D1%80%D1%8F%D1%87%D0%BA%D0%B8%D0%BD%2C+%D0%92.+%D0%92.&amp;sort_by=2&amp;order=DESC&amp;rpp=20&amp;etal=0&amp;submit_browse=Update\" target=\"_blank\">    </a></li>\n\t<li style=\"margin-left: 40px;\"><a href=\"https://scholar.google.ru/citations?user=BqZUi8AAAAAJ&amp;hl=ru\" target=\"_blank\">Google Scholar</a></li>\n\t<li style=\"margin-left: 40px;\"><a href=\"https://www.scopus.com/authid/detail.uri?authorId=6602754078\" target=\"_blank\">Scopus</a></li>\n</ul>"}}, {"model": "djangocms_text_ckeditor.text", "pk": 93, "fields": {"body": "<h1 style=\"margin-left: 40px;\">  </h1>\n\n<p style=\"margin-left: 80px;\"><cms-plugin alt=\"Picture / Image - 94 \" title=\"Picture / Image - 94\" id=\"94\"></cms-plugin></p>"}}, {"model": "djangocms_text_ckeditor.text", "pk": 95, "fields": {"body": "<h2 style=\"margin-left: 40px;\"><strong> </strong></h2>\n\n<ul style=\"margin-left: 40px;\">\n\t<li> 29.01.1959  .   </li>\n\t<li>1976-1981..        .</li>\n\t<li>1981-    -         (  1981  1990,  1990      ).</li>\n\t<li> -  (1988 ., . ),  (1990 .).</li>\n</ul>"}}, {"model": "djangocms_text_ckeditor.text", "pk": 97, "fields": {"body": "<h2 style=\"margin-left: 40px;\"></h2>\n\n<ul style=\"margin-left: 40px;\">\n\t<li>        </li>\n</ul>"}}, {"model": "djangocms_text_ckeditor.text", "pk": 99, "fields": {"body": "<h2 style=\"margin-left: 40px;\"><strong> </strong></h2>\n\n<ul>\n\t<li style=\"margin-left: 40px;\"></li>\n\t<li style=\"margin-left: 40px;\">  </li>\n\t<li style=\"margin-left: 40px;\"> </li>\n</ul>"}}, {"model": "djangocms_text_ckeditor.text", "pk": 100, "fields": {"body": "<h2 style=\"margin-left: 40px;\"></h2>\n\n<ul style=\"margin-left: 40px;\">\n\t<li><a href=\"https://elib.bsu.by/browse?type=author&amp;value=%D0%97%D1%83%D0%B1%D0%BE%D0%B2%D0%B8%D1%87%2C+%D0%9A.+%D0%90.&amp;sort_by=2&amp;order=DESC&amp;rpp=20&amp;etal=0&amp;submit_browse=Update\" target=\"_blank\">    </a></li>\n\t<li><a href=\"https://scholar.google.com/citations?hl=en&amp;user=HOdVAM0AAAAJ\" target=\"_blank\">Google Scholar</a></li>\n\t<li><a href=\"https://www.scopus.com/authid/detail.uri?authorId=57190270383\" target=\"_blank\">Scopus</a></li>\n</ul>"}}, {"model": "djangocms_text_ckeditor.text", "pk": 101, "fields": {"body": "<h2 style=\"margin-left: 40px;\"> </h2>\n\n<ul>\n\t<li style=\"margin-left: 40px;\">  </li>\n\t<li style=\"margin-left: 40px;\">  </li>\n\t<li style=\"margin-left: 40px;\"> </li>\n\t<li style=\"margin-left: 40px;\"> </li>\n</ul>"}}, {"model": "djangocms_text_ckeditor.text", "pk": 102, "fields": {"body": "<h1 style=\"margin-left: 40px;\">  </h1>\n\n<p style=\"margin-left: 80px;\"><cms-plugin alt=\"Picture / Image - 103 \" title=\"Picture / Image - 103\" id=\"103\"></cms-plugin></p>"}}, {"model": "djangocms_text_ckeditor.text", "pk": 104, "fields": {"body": "<h2 style=\"margin-left: 40px;\"><strong> </strong></h2>\n\n<ul style=\"margin-left: 40px;\">\n\t<li> 29.01.1959  .   </li>\n\t<li>1976-1981..        .</li>\n\t<li>1981-    -         (  1981  1990,  1990      ).</li>\n\t<li> -  (1988 ., . ),  (1990 .).</li>\n</ul>"}}, {"model": "djangocms_text_ckeditor.text", "pk": 105, "fields": {"body": "<h2 style=\"margin-left: 40px;\"></h2>\n\n<ul style=\"margin-left: 40px;\">\n\t<li>        </li>\n</ul>"}}, {"model": "djangocms_text_ckeditor.text", "pk": 106, "fields": {"body": "<h2 style=\"margin-left: 40px;\"><strong> </strong></h2>\n\n<ul>\n\t<li style=\"margin-left: 40px;\"></li>\n\t<li style=\"margin-left: 40px;\">  </li>\n\t<li style=\"margin-left: 40px;\"> </li>\n</ul>"}}, {"model": "djangocms_text_ckeditor.text", "pk": 107, "fields": {"body": "<h2 style=\"margin-left: 40px;\"></h2>\n\n<ul style=\"margin-left: 40px;\">\n\t<li><a href=\"https://elib.bsu.by/browse?type=author&amp;value=%D0%97%D1%83%D0%B1%D0%BE%D0%B2%D0%B8%D1%87%2C+%D0%9A.+%D0%90.&amp;sort_by=2&amp;order=DESC&amp;rpp=20&amp;etal=0&amp;submit_browse=Update\" target=\"_blank\">    </a></li>\n\t<li><a href=\"https://scholar.google.com/citations?hl=en&amp;user=HOdVAM0AAAAJ\" target=\"_blank\">Google Scholar</a></li>\n\t<li><a href=\"https://www.scopus.com/authid/detail.uri?authorId=57190270383\" target=\"_blank\">Scopus</a></li>\n</ul>"}}, {"model": "djangocms_text_ckeditor.text", "pk": 108, "fields": {"body": "<h2 style=\"margin-left: 40px;\"> </h2>\n\n<ul>\n\t<li style=\"margin-left: 40px;\">  </li>\n\t<li style=\"margin-left: 40px;\">  </li>\n\t<li style=\"margin-left: 40px;\"> </li>\n\t<li style=\"margin-left: 40px;\"> </li>\n</ul>"}}, {"model": "djangocms_text_ckeditor.text", "pk": 109, "fields": {"body": "<h1 style=\"margin-left: 40px;\">  </h1>\n\n<p style=\"margin-left: 80px;\"><cms-plugin alt=\"Picture / Image - 110 \" title=\"Picture / Image - 110\" id=\"110\"></cms-plugin></p>"}}, {"model": "djangocms_text_ckeditor.text", "pk": 111, "fields": {"body": "<h2 style=\"margin-left: 40px;\"><strong> </strong></h2>\n\n<ul style=\"margin-left: 40px;\">\n\t<li> 1  1967   . .</li>\n\t<li> 1989      ..    .</li>\n\t<li> 1999 .             05.13.18  ,      (  ... ..).</li>\n\t<li> 2004        ,    .</li>\n</ul>"}}, {"model": "djangocms_text_ckeditor.text", "pk": 112, "fields": {"body": "<h2 style=\"margin-left: 40px;\"></h2>\n\n<ul>\n\t<li style=\"margin-left: 40px;\">    </li>\n\t<li style=\"margin-left: 40px;\">  </li>\n</ul>"}}, {"model": "djangocms_text_ckeditor.text", "pk": 113, "fields": {"body": "<h2 style=\"margin-left: 40px;\"><strong> :</strong></h2>\n\n<ul style=\"margin-left: 40px;\">\n\t<li>    </li>\n\t<li>   </li>\n</ul>"}}, {"model": "djangocms_text_ckeditor.text", "pk": 114, "fields": {"body": "<h2 style=\"margin-left: 40px;\"><strong> :</strong></h2>\n\n<ul>\n\t<li style=\"margin-left: 40px;\">  </li>\n\t<li style=\"margin-left: 40px;\">   </li>\n\t<li style=\"margin-left: 40px;\">  </li>\n\t<li style=\"margin-left: 40px;\">    1</li>\n</ul>"}}, {"model": "djangocms_text_ckeditor.text", "pk": 115, "fields": {"body": "<h2 style=\"margin-left: 40px;\"></h2>\n\n<ul>\n\t<li style=\"margin-left: 40px;\"><a href=\"https://elib.bsu.by/browse?type=author&amp;order=ASC&amp;rpp=20&amp;value=%D0%9B%D0%B5%D0%B2%D1%87%D1%83%D0%BA%2C+E.+A.\" target=\"_blank\">    </a></li>\n\t<li style=\"margin-left: 40px;\"><a href=\"https://scholar.google.com/citations?hl=en&amp;user=hq7CvjwAAAAJ\" target=\"_blank\">Google Scholar</a></li>\n\t<li style=\"margin-left: 40px;\"><a href=\"https://elibrary.ru/author_profile.asp?id=%20901137\" target=\"_blank\">eLIBRARY</a></li>\n</ul>"}}, {"model": "djangocms_text_ckeditor.text", "pk": 116, "fields": {"body": "<h1 style=\"margin-left: 40px;\">  </h1>\n\n<p style=\"margin-left: 80px;\"><cms-plugin alt=\"Picture / Image - 117 \" title=\"Picture / Image - 117\" id=\"117\"></cms-plugin></p>"}}, {"model": "djangocms_text_ckeditor.text", "pk": 118, "fields": {"body": "<h2 style=\"margin-left: 40px;\"><strong> </strong></h2>\n\n<ul style=\"margin-left: 40px;\">\n\t<li> 1  1967   . .</li>\n\t<li> 1989      ..    .</li>\n\t<li> 1999 .             05.13.18  ,      (  ... ..).</li>\n\t<li> 2004        ,    .</li>\n</ul>"}}, {"model": "djangocms_text_ckeditor.text", "pk": 119, "fields": {"body": "<h2 style=\"margin-left: 40px;\"></h2>\n\n<ul>\n\t<li style=\"margin-left: 40px;\">    </li>\n\t<li style=\"margin-left: 40px;\">  </li>\n</ul>"}}, {"model": "djangocms_text_ckeditor.text", "pk": 120, "fields": {"body": "<h2 style=\"margin-left: 40px;\"><strong> :</strong></h2>\n\n<ul style=\"margin-left: 40px;\">\n\t<li>    </li>\n\t<li>   </li>\n</ul>"}}, {"model": "djangocms_text_ckeditor.text", "pk": 121, "fields": {"body": "<h2 style=\"margin-left: 40px;\"><strong> :</strong></h2>\n\n<ul>\n\t<li style=\"margin-left: 40px;\">  </li>\n\t<li style=\"margin-left: 40px;\">   </li>\n\t<li style=\"margin-left: 40px;\">  </li>\n\t<li style=\"margin-left: 40px;\">    1</li>\n</ul>"}}, {"model": "djangocms_text_ckeditor.text", "pk": 122, "fields": {"body": "<h2 style=\"margin-left: 40px;\"></h2>\n\n<ul>\n\t<li style=\"margin-left: 40px;\"><a href=\"https://elib.bsu.by/browse?type=author&amp;order=ASC&amp;rpp=20&amp;value=%D0%9B%D0%B5%D0%B2%D1%87%D1%83%D0%BA%2C+E.+A.\" target=\"_blank\">    </a></li>\n\t<li style=\"margin-left: 40px;\"><a href=\"https://scholar.google.com/citations?hl=en&amp;user=hq7CvjwAAAAJ\" target=\"_blank\">Google Scholar</a></li>\n\t<li style=\"margin-left: 40px;\"><a href=\"https://elibrary.ru/author_profile.asp?id=%20901137\" target=\"_blank\">eLIBRARY</a></li>\n</ul>"}}, {"model": "djangocms_text_ckeditor.text", "pk": 123, "fields": {"body": "<h1 style=\"margin-left: 40px;\">  </h1>\n\n<p style=\"margin-left: 80px;\"><cms-plugin alt=\"Picture / Image - 124 \" title=\"Picture / Image - 124\" id=\"124\"></cms-plugin></p>"}}, {"model": "djangocms_text_ckeditor.text", "pk": 125, "fields": {"body": "<h2 align=\"justify\" style=\"margin-left: 40px;\"><strong> </strong></h2>\n\n<ul style=\"margin-left: 40px;\">\n\t<li>1994     </li>\n\t<li>1997    </li>\n\t<li>1995  .   </li>\n\t<li>1999       </li>\n</ul>"}}, {"model": "djangocms_text_ckeditor.text", "pk": 126, "fields": {"body": "<h2 style=\"margin-left: 40px;\"></h2>\n\n<ul>\n\t<li style=\"margin-left: 40px;\">    </li>\n</ul>"}}, {"model": "djangocms_text_ckeditor.text", "pk": 127, "fields": {"body": "<h2 style=\"margin-left: 40px;\"> </h2>\n\n<ul>\n\t<li style=\"margin-left: 40px;\">  </li>\n\t<li style=\"margin-left: 40px;\">  </li>\n\t<li style=\"margin-left: 40px;\">    </li>\n\t<li style=\"margin-left: 40px;\"> Unix-</li>\n\t<li style=\"margin-left: 40px;\">Web-  Unix-</li>\n</ul>"}}, {"model": "djangocms_text_ckeditor.text", "pk": 128, "fields": {"body": "<h2 style=\"margin-left: 40px;\"> </h2>\n\n<ul>\n\t<li style=\"margin-left: 40px;\"> </li>\n\t<li style=\"margin-left: 40px;\">  </li>\n</ul>"}}, {"model": "djangocms_text_ckeditor.text", "pk": 129, "fields": {"body": "<h2 style=\"margin-left: 40px;\"></h2>\n\n<ul style=\"margin-left: 40px;\">\n\t<li><a href=\"https://elib.bsu.by/browse?type=author&amp;value=%D0%94%D0%B0%D0%B2%D0%B8%D0%B4%D0%BE%D0%B2%D1%81%D0%BA%D0%B0%D1%8F%2C+%D0%9C.+%D0%98.&amp;sort_by=2&amp;order=DESC&amp;rpp=20&amp;etal=0&amp;submit_browse=Update\" target=\"_blank\">    </a></li>\n\t<li><a href=\"https://scholar.google.ru/citations?hl=ru&amp;user=VCF_z6YAAAAJ\" target=\"_blank\">Google Scholar</a></li>\n\t<li><a href=\"https://orcid.org/0000-0002-6411-3413\" target=\"_blank\">ORCID</a></li>\n\t<li><a href=\"https://elibrary.ru/author_counter_click.asp?id=1064085\" target=\"_blank\">eLIBRARY</a></li>\n</ul>"}}, {"model": "djangocms_text_ckeditor.text", "pk": 130, "fields": {"body": "<h1 style=\"margin-left: 40px;\">  </h1>\n\n<p style=\"margin-left: 80px;\"><cms-plugin alt=\"Picture / Image - 131 \" title=\"Picture / Image - 131\" id=\"131\"></cms-plugin></p>"}}, {"model": "djangocms_text_ckeditor.text", "pk": 132, "fields": {"body": "<h2 align=\"justify\" style=\"margin-left: 40px;\"><strong> </strong></h2>\n\n<ul style=\"margin-left: 40px;\">\n\t<li>1994     </li>\n\t<li>1997    </li>\n\t<li>1995  .   </li>\n\t<li>1999       </li>\n</ul>"}}, {"model": "djangocms_text_ckeditor.text", "pk": 133, "fields": {"body": "<h2 style=\"margin-left: 40px;\"></h2>\n\n<ul>\n\t<li style=\"margin-left: 40px;\">    </li>\n</ul>"}}, {"model": "djangocms_text_ckeditor.text", "pk": 134, "fields": {"body": "<h2 style=\"margin-left: 40px;\"> </h2>\n\n<ul>\n\t<li style=\"margin-left: 40px;\">  </li>\n\t<li style=\"margin-left: 40px;\">  </li>\n\t<li style=\"margin-left: 40px;\">    </li>\n\t<li style=\"margin-left: 40px;\"> Unix-</li>\n\t<li style=\"margin-left: 40px;\">Web-  Unix-</li>\n</ul>"}}, {"model": "djangocms_text_ckeditor.text", "pk": 135, "fields": {"body": "<h2 style=\"margin-left: 40px;\"> </h2>\n\n<ul>\n\t<li style=\"margin-left: 40px;\"> </li>\n\t<li style=\"margin-left: 40px;\">  </li>\n</ul>"}}, {"model": "djangocms_text_ckeditor.text", "pk": 136, "fields": {"body": "<h2 style=\"margin-left: 40px;\"></h2>\n\n<ul style=\"margin-left: 40px;\">\n\t<li><a href=\"https://elib.bsu.by/browse?type=author&amp;value=%D0%94%D0%B0%D0%B2%D0%B8%D0%B4%D0%BE%D0%B2%D1%81%D0%BA%D0%B0%D1%8F%2C+%D0%9C.+%D0%98.&amp;sort_by=2&amp;order=DESC&amp;rpp=20&amp;etal=0&amp;submit_browse=Update\" target=\"_blank\">    </a></li>\n\t<li><a href=\"https://scholar.google.ru/citations?hl=ru&amp;user=VCF_z6YAAAAJ\" target=\"_blank\">Google Scholar</a></li>\n\t<li><a href=\"https://orcid.org/0000-0002-6411-3413\" target=\"_blank\">ORCID</a></li>\n\t<li><a href=\"https://elibrary.ru/author_counter_click.asp?id=1064085\" target=\"_blank\">eLIBRARY</a></li>\n</ul>"}}, {"model": "djangocms_text_ckeditor.text", "pk": 137, "fields": {"body": "<h1 style=\"margin-left: 40px;\">  </h1>\n\n<p style=\"margin-left: 80px;\"><cms-plugin alt=\"Picture / Image - 138 \" title=\"Picture / Image - 138\" id=\"138\"></cms-plugin></p>"}}, {"model": "djangocms_text_ckeditor.text", "pk": 139, "fields": {"body": "<h2 align=\"justify\" style=\"margin-left: 40px;\"><strong> </strong></h2>\n\n<ul style=\"margin-left: 40px;\">\n\t<li>        .</li>\n\t<li>             .</li>\n</ul>"}}, {"model": "djangocms_text_ckeditor.text", "pk": 140, "fields": {"body": "<h2 style=\"margin-left: 40px;\"></h2>\n\n<ul>\n\t<li style=\"margin-left: 40px;\">     </li>\n</ul>"}}, {"model": "djangocms_text_ckeditor.text", "pk": 141, "fields": {"body": "<h2 align=\"justify\" style=\"margin-left: 40px;\"><strong> </strong></h2>\n\n<ul>\n\t<li style=\"margin-left: 40px;\">   </li>\n</ul>"}}, {"model": "djangocms_text_ckeditor.text", "pk": 142, "fields": {"body": "<h2 align=\"justify\" style=\"margin-left: 40px;\"><strong> </strong></h2>\n\n<ul style=\"margin-left: 40px;\">\n\t<li>  -       .</li>\n</ul>"}}, {"model": "djangocms_text_ckeditor.text", "pk": 143, "fields": {"body": "<h2 align=\"justify\" style=\"margin-left: 40px;\"><strong> </strong></h2>\n\n<ul style=\"margin-left: 40px;\">\n\t<li>  Java ( ).</li>\n\t<li>  ( ).</li>\n\t<li>  /++, Assembler ( )..</li>\n\t<li>  ( ).</li>\n</ul>"}}, {"model": "djangocms_text_ckeditor.text", "pk": 144, "fields": {"body": "<h2 style=\"margin-left: 40px;\"> </h2>\n\n<ul>\n\t<li style=\"margin-left: 40px;\"></li>\n\t<li style=\"margin-left: 40px;\"> </li>\n</ul>"}}, {"model": "djangocms_text_ckeditor.text", "pk": 145, "fields": {"body": "<h2 style=\"margin-left: 40px;\"></h2>\n\n<ul>\n\t<li style=\"margin-left: 40px;\"><a href=\"https://elib.bsu.by/browse?type=author&amp;value=%D0%97%D0%B5%D0%BD%D1%8C%D0%BA%D0%BE%2C+%D0%A2.+%D0%90.&amp;sort_by=2&amp;order=DESC&amp;rpp=20&amp;etal=0&amp;submit_browse=Update\" target=\"_blank\">    </a></li>\n\t<li style=\"margin-left: 40px;\"><a href=\"https://scholar.google.com/citations?hl=en&amp;user=3nnrQ0QAAAAJ\" target=\"_blank\">Google Scholar</a></li>\n</ul>"}}, {"model": "djangocms_text_ckeditor.text", "pk": 146, "fields": {"body": "<h1 style=\"margin-left: 40px;\">  </h1>\n\n<p style=\"margin-left: 80px;\"><cms-plugin alt=\"Picture / Image - 147 \" title=\"Picture / Image - 147\" id=\"147\"></cms-plugin></p>"}}, {"model": "djangocms_text_ckeditor.text", "pk": 148, "fields": {"body": "<h2 align=\"justify\" style=\"margin-left: 40px;\"><strong> </strong></h2>\n\n<ul style=\"margin-left: 40px;\">\n\t<li>        .</li>\n\t<li>             .</li>\n</ul>"}}, {"model": "djangocms_text_ckeditor.text", "pk": 149, "fields": {"body": "<h2 style=\"margin-left: 40px;\"></h2>\n\n<ul>\n\t<li style=\"margin-left: 40px;\">     </li>\n</ul>"}}, {"model": "djangocms_text_ckeditor.text", "pk": 150, "fields": {"body": "<h2 align=\"justify\" style=\"margin-left: 40px;\"><strong> </strong></h2>\n\n<ul>\n\t<li style=\"margin-left: 40px;\">   </li>\n</ul>"}}, {"model": "djangocms_text_ckeditor.text", "pk": 151, "fields": {"body": "<h2 align=\"justify\" style=\"margin-left: 40px;\"><strong> </strong></h2>\n\n<ul style=\"margin-left: 40px;\">\n\t<li>  -       .</li>\n</ul>"}}, {"model": "djangocms_text_ckeditor.text", "pk": 152, "fields": {"body": "<h2 align=\"justify\" style=\"margin-left: 40px;\"><strong> </strong></h2>\n\n<ul style=\"margin-left: 40px;\">\n\t<li>  Java ( ).</li>\n\t<li>  ( ).</li>\n\t<li>  /++, Assembler ( )..</li>\n\t<li>  ( ).</li>\n</ul>"}}, {"model": "djangocms_text_ckeditor.text", "pk": 153, "fields": {"body": "<h2 style=\"margin-left: 40px;\"> </h2>\n\n<ul>\n\t<li style=\"margin-left: 40px;\"></li>\n\t<li style=\"margin-left: 40px;\"> </li>\n</ul>"}}, {"model": "djangocms_text_ckeditor.text", "pk": 154, "fields": {"body": "<h2 style=\"margin-left: 40px;\"></h2>\n\n<ul>\n\t<li style=\"margin-left: 40px;\"><a href=\"https://elib.bsu.by/browse?type=author&amp;value=%D0%97%D0%B5%D0%BD%D1%8C%D0%BA%D0%BE%2C+%D0%A2.+%D0%90.&amp;sort_by=2&amp;order=DESC&amp;rpp=20&amp;etal=0&amp;submit_browse=Update\" target=\"_blank\">    </a></li>\n\t<li style=\"margin-left: 40px;\"><a href=\"https://scholar.google.com/citations?hl=en&amp;user=3nnrQ0QAAAAJ\" target=\"_blank\">Google Scholar</a></li>\n</ul>"}}, {"model": "djangocms_text_ckeditor.text", "pk": 155, "fields": {"body": "<h1 style=\"margin-left: 40px;\">  </h1>\n\n<p style=\"margin-left: 80px;\"><cms-plugin alt=\"Picture / Image - 156 \" title=\"Picture / Image - 156\" id=\"156\"></cms-plugin></p>"}}, {"model": "djangocms_text_ckeditor.text", "pk": 157, "fields": {"body": "<h2 align=\"justify\" style=\"margin-left: 40px;\"><strong> </strong></h2>\n\n<ul>\n\t<li style=\"margin-left: 40px;\">  .     28  1951.</li>\n\t<li style=\"margin-left: 40px;\"> 1968  1973           \" \".</li>\n\t<li style=\"margin-left: 40px;\"> 1973  1994     .</li>\n\t<li style=\"margin-left: 40px;\"> 1994.     ,    .</li>\n</ul>\n\n<p align=\"justify\"></p>"}}, {"model": "djangocms_text_ckeditor.text", "pk": 158, "fields": {"body": "<h2 style=\"margin-left: 40px;\"></h2>\n\n<ul style=\"margin-left: 40px;\">\n\t<li align=\"justify\">     </li>\n</ul>\n\n<p align=\"justify\"></p>"}}, {"model": "djangocms_text_ckeditor.text", "pk": 159, "fields": {"body": "<h2 align=\"justify\" style=\"margin-left: 40px;\"><strong> </strong></h2>\n\n<ul>\n\t<li style=\"margin-left: 40px;\">        .</li>\n</ul>"}}, {"model": "djangocms_text_ckeditor.text", "pk": 160, "fields": {"body": "<h2 align=\"justify\" style=\"margin-left: 40px;\"><strong> </strong></h2>\n\n<ul style=\"margin-left: 40px;\">\n\t<li>.</li>\n\t<li>.</li>\n</ul>"}}, {"model": "djangocms_text_ckeditor.text", "pk": 161, "fields": {"body": "<h2 align=\"justify\" style=\"margin-left: 40px;\"><strong></strong></h2>\n\n<ul style=\"margin-left: 40px;\">\n\t<li><strong>      </strong>       (2007, 2014).</li>\n\t<li> <strong>      (2011).</strong></li>\n</ul>"}}, {"model": "djangocms_text_ckeditor.text", "pk": 162, "fields": {"body": "<h2 style=\"margin-left: 40px;\"></h2>\n\n<ul>\n\t<li style=\"margin-left: 40px;\"><a href=\"https://elib.bsu.by/browse?type=author&amp;value=%D0%9A%D0%B0%D1%80%D0%BF%D0%BE%D0%B2%D0%B8%D1%87%2C+%D0%9D.+%D0%90.&amp;sort_by=2&amp;order=DESC&amp;rpp=20&amp;etal=0&amp;submit_browse=Update\" target=\"_blank\">    </a></li>\n\t<li style=\"margin-left: 40px;\"><a href=\"https://scholar.google.ru/citations?hl=ru&amp;pli=1&amp;user=CAo2N00AAAAJ\" target=\"_blank\">Google Scholar</a></li>\n</ul>"}}, {"model": "djangocms_text_ckeditor.text", "pk": 171, "fields": {"body": "<h1 style=\"margin-left: 40px;\">  </h1>\n\n<p style=\"margin-left: 80px;\"><cms-plugin alt=\"Picture / Image - 172 \" title=\"Picture / Image - 172\" id=\"172\"></cms-plugin></p>"}}, {"model": "djangocms_text_ckeditor.text", "pk": 173, "fields": {"body": "<h2 style=\"margin-left: 40px;\"></h2>\n\n<ul style=\"margin-left: 40px;\">\n\t<li>     </li>\n</ul>"}}, {"model": "djangocms_text_ckeditor.text", "pk": 174, "fields": {"body": "<h2 style=\"margin-left: 40px;\"> </h2>\n\n<ul>\n\t<li style=\"margin-left: 40px;\">    </li>\n</ul>"}}, {"model": "djangocms_text_ckeditor.text", "pk": 175, "fields": {"body": "<h2 style=\"margin-left: 40px;\"></h2>\n\n<ul>\n\t<li style=\"margin-left: 40px;\"><a href=\"https://elib.bsu.by/browse?type=author&amp;value=%D0%9F%D0%B0%D0%B7%D1%8E%D1%80%D0%B0%2C+%D0%95.+%D0%92.&amp;sort_by=2&amp;order=DESC&amp;rpp=20&amp;etal=0&amp;submit_browse=Update\" target=\"_blank\">    </a></li>\n\t<li style=\"margin-left: 40px;\"><a href=\"https://scholar.google.ru/citations?hl=ru&amp;user=BmQ-Me0AAAAJ\" target=\"_blank\">Google Scholar</a></li>\n</ul>"}}, {"model": "djangocms_text_ckeditor.text", "pk": 181, "fields": {"body": "<h2 style=\"margin-left: 40px;\"></h2>\n\n<ul>\n\t<li style=\"margin-left: 40px;\">  </li>\n\t<li style=\"margin-left: 40px;\">  </li>\n\t<li style=\"margin-left: 40px;\">   </li>\n</ul>"}}, {"model": "djangocms_text_ckeditor.text", "pk": 182, "fields": {"body": "<h1 style=\"margin-left: 40px;\">  </h1>\n\n<p style=\"margin-left: 80px;\"><cms-plugin alt=\"Picture / Image - 183 \" title=\"Picture / Image - 183\" id=\"183\"></cms-plugin></p>"}}, {"model": "djangocms_text_ckeditor.text", "pk": 184, "fields": {"body": "<h2 style=\"margin-left: 40px;\"></h2>\n\n<ul style=\"margin-left: 40px;\">\n\t<li>     </li>\n</ul>"}}, {"model": "djangocms_text_ckeditor.text", "pk": 185, "fields": {"body": "<h2 style=\"margin-left: 40px;\"> </h2>\n\n<ul>\n\t<li style=\"margin-left: 40px;\">    </li>\n</ul>"}}, {"model": "djangocms_text_ckeditor.text", "pk": 186, "fields": {"body": "<h2 style=\"margin-left: 40px;\"></h2>\n\n<ul>\n\t<li style=\"margin-left: 40px;\"><a href=\"https://elib.bsu.by/browse?type=author&amp;value=%D0%9F%D0%B0%D0%B7%D1%8E%D1%80%D0%B0%2C+%D0%95.+%D0%92.&amp;sort_by=2&amp;order=DESC&amp;rpp=20&amp;etal=0&amp;submit_browse=Update\" target=\"_blank\">    </a></li>\n\t<li style=\"margin-left: 40px;\"><a href=\"https://scholar.google.ru/citations?hl=ru&amp;user=BmQ-Me0AAAAJ\" target=\"_blank\">Google Scholar</a></li>\n</ul>"}}, {"model": "djangocms_text_ckeditor.text", "pk": 187, "fields": {"body": "<h2 style=\"margin-left: 40px;\"></h2>\n\n<ul>\n\t<li style=\"margin-left: 40px;\">  </li>\n\t<li style=\"margin-left: 40px;\">  </li>\n\t<li style=\"margin-left: 40px;\">   </li>\n</ul>"}}, {"model": "djangocms_text_ckeditor.text", "pk": 188, "fields": {"body": "<h1 style=\"text-align: center;\"> </h1>"}}, {"model": "djangocms_text_ckeditor.text", "pk": 189, "fields": {"body": "<h1 style=\"text-align: center;\"> </h1>"}}, {"model": "djangocms_text_ckeditor.text", "pk": 191, "fields": {"body": "<h1 style=\"margin-left: 40px;\">  </h1>\n\n<p style=\"margin-left: 80px;\"><cms-plugin alt=\"Picture / Image - 192 \" title=\"Picture / Image - 192\" id=\"192\"></cms-plugin></p>"}}, {"model": "djangocms_text_ckeditor.text", "pk": 193, "fields": {"body": "<h2 align=\"justify\" style=\"margin-left: 40px;\"><strong> </strong></h2>\n\n<ul>\n\t<li style=\"margin-left: 40px;\">  .     28  1951.</li>\n\t<li style=\"margin-left: 40px;\"> 1968  1973           \" \".</li>\n\t<li style=\"margin-left: 40px;\"> 1973  1994     .</li>\n\t<li style=\"margin-left: 40px;\"> 1994.     ,    .</li>\n</ul>\n\n<p align=\"justify\"></p>"}}, {"model": "djangocms_text_ckeditor.text", "pk": 194, "fields": {"body": "<h2 style=\"margin-left: 40px;\"></h2>\n\n<ul style=\"margin-left: 40px;\">\n\t<li align=\"justify\">     </li>\n</ul>\n\n<p align=\"justify\"></p>"}}, {"model": "djangocms_text_ckeditor.text", "pk": 195, "fields": {"body": "<h2 align=\"justify\" style=\"margin-left: 40px;\"><strong> </strong></h2>\n\n<ul>\n\t<li style=\"margin-left: 40px;\">        .</li>\n</ul>"}}, {"model": "djangocms_text_ckeditor.text", "pk": 196, "fields": {"body": "<h2 align=\"justify\" style=\"margin-left: 40px;\"><strong> </strong></h2>\n\n<ul style=\"margin-left: 40px;\">\n\t<li>.</li>\n\t<li>.</li>\n</ul>"}}, {"model": "djangocms_text_ckeditor.text", "pk": 197, "fields": {"body": "<h2 align=\"justify\" style=\"margin-left: 40px;\"><strong></strong></h2>\n\n<ul style=\"margin-left: 40px;\">\n\t<li><strong>      </strong>       (2007, 2014).</li>\n\t<li> <strong>      (2011).</strong></li>\n</ul>"}}, {"model": "djangocms_text_ckeditor.text", "pk": 198, "fields": {"body": "<h2 style=\"margin-left: 40px;\"></h2>\n\n<ul>\n\t<li style=\"margin-left: 40px;\"><a href=\"https://elib.bsu.by/browse?type=author&amp;value=%D0%9A%D0%B0%D1%80%D0%BF%D0%BE%D0%B2%D0%B8%D1%87%2C+%D0%9D.+%D0%90.&amp;sort_by=2&amp;order=DESC&amp;rpp=20&amp;etal=0&amp;submit_browse=Update\" target=\"_blank\">    </a></li>\n\t<li style=\"margin-left: 40px;\"><a href=\"https://scholar.google.ru/citations?hl=ru&amp;pli=1&amp;user=CAo2N00AAAAJ\" target=\"_blank\">Google Scholar</a></li>\n</ul>"}}, {"model": "filer.file", "pk": 1, "fields": {"polymorphic_ctype": 30, "folder": null, "file": "filer_public/0e/f1/0ef1b15f-3634-4ab5-ad04-079fd874d612/rectangle_83.png", "_file_size": 2136377, "sha1": "ff29c6e0920f580e07ed55e08e70599dc60ded43", "has_all_mandatory_data": true, "original_filename": "Rectangle 83.png", "name": "_", "description": "", "owner": 1, "uploaded_at": "2024-05-14T15:29:19.517Z", "modified_at": "2024-05-14T15:44:03.115Z", "is_public": true, "mime_type": "image/png"}}, {"model": "filer.file", "pk": 2, "fields": {"polymorphic_ctype": 30, "folder": null, "file": "filer_public/1c/0e/1c0ed7e7-a4a8-4b7f-80b0-56ed54a21be5/rectangle_83.png", "_file_size": 2136377, "sha1": "ff29c6e0920f580e07ed55e08e70599dc60ded43", "has_all_mandatory_data": false, "original_filename": "Rectangle 83.png", "name": "", "description": null, "owner": 1, "uploaded_at": "2024-05-14T15:39:20.066Z", "modified_at": "2024-05-14T15:39:20.066Z", "is_public": true, "mime_type": "image/png"}}, {"model": "filer.file", "pk": 3, "fields": {"polymorphic_ctype": 30, "folder": null, "file": "filer_public/fb/32/fb32b8b0-a57c-4b24-8bb4-3dd7c75c651e/rectangle_83.png", "_file_size": 2136377, "sha1": "ff29c6e0920f580e07ed55e08e70599dc60ded43", "has_all_mandatory_data": false, "original_filename": "Rectangle 83.png", "name": "", "description": null, "owner": 1, "uploaded_at": "2024-05-14T15:46:16.505Z", "modified_at": "2024-05-14T15:46:16.505Z", "is_public": true, "mime_type": "image/png"}}, {"model": "filer.file", "pk": 4, "fields": {"polymorphic_ctype": 30, "folder": null, "file": "filer_public/b4/27/b4272591-f076-4506-ab17-b97fa99b7151/rectangle_83.png", "_file_size": 2136377, "sha1": "ff29c6e0920f580e07ed55e08e70599dc60ded43", "has_all_mandatory_data": false, "original_filename": "Rectangle 83.png", "name": "", "description": null, "owner": 1, "uploaded_at": "2024-05-14T15:47:53.910Z", "modified_at": "2024-05-14T15:47:53.910Z", "is_public": true, "mime_type": "image/png"}}, {"model": "filer.file", "pk": 5, "fields": {"polymorphic_ctype": 30, "folder": null, "file": "filer_public/6b/a4/6ba4f96f-939f-4565-9c34-b8242f65d212/rectangle_83.png", "_file_size": 1653423, "sha1": "236f64cf067345b8e49f8636af1c6f57c37d2ad9", "has_all_mandatory_data": false, "original_filename": "Rectangle 83.png", "name": "", "description": null, "owner": 1, "uploaded_at": "2024-05-14T15:53:12.811Z", "modified_at": "2024-05-14T15:53:12.811Z", "is_public": true, "mime_type": "image/png"}}, {"model": "filer.file", "pk": 6, "fields": {"polymorphic_ctype": 30, "folder": null, "file": "filer_public/e3/e7/e3e7bf0d-3ec3-487f-a729-acacdcc8a165/rectangle_83.png", "_file_size": 1653423, "sha1": "236f64cf067345b8e49f8636af1c6f57c37d2ad9", "has_all_mandatory_data": false, "original_filename": "Rectangle 83.png", "name": "", "description": null, "owner": 1, "uploaded_at": "2024-05-14T15:54:41.737Z", "modified_at": "2024-05-14T15:54:41.737Z", "is_public": true, "mime_type": "image/png"}}, {"model": "filer.file", "pk": 7, "fields": {"polymorphic_ctype": 30, "folder": null, "file": "filer_public/19/f9/19f92bf7-f3e8-4a9b-86f9-214f2597af17/rectangle_83_1.png", "_file_size": 2136377, "sha1": "ff29c6e0920f580e07ed55e08e70599dc60ded43", "has_all_mandatory_data": false, "original_filename": "Rectangle 83 (1).png", "name": "", "description": null, "owner": 1, "uploaded_at": "2024-05-14T15:55:59.011Z", "modified_at": "2024-05-14T15:55:59.011Z", "is_public": true, "mime_type": "image/png"}}, {"model": "filer.file", "pk": 8, "fields": {"polymorphic_ctype": 30, "folder": null, "file": "filer_public/f3/dd/f3ddd5ff-aceb-4aea-a644-bb173bb48408/rectangle_83_1.png", "_file_size": 2136377, "sha1": "ff29c6e0920f580e07ed55e08e70599dc60ded43", "has_all_mandatory_data": false, "original_filename": "Rectangle 83 (1).png", "name": "", "description": null, "owner": 1, "uploaded_at": "2024-05-14T15:56:36.012Z", "modified_at": "2024-05-14T15:56:36.012Z", "is_public": true, "mime_type": "image/png"}}, {"model": "filer.file", "pk": 9, "fields": {"polymorphic_ctype": 30, "folder": null, "file": "filer_public/94/3a/943aaed6-5cac-46a4-8190-2703210db6a4/rectangle_83_1.png", "_file_size": 2136377, "sha1": "ff29c6e0920f580e07ed55e08e70599dc60ded43", "has_all_mandatory_data": false, "original_filename": "Rectangle 83 (1).png", "name": "", "description": null, "owner": 1, "uploaded_at": "2024-05-14T15:58:52.965Z", "modified_at": "2024-05-14T15:58:52.965Z", "is_public": true, "mime_type": "image/png"}}, {"model": "filer.file", "pk": 10, "fields": {"polymorphic_ctype": 30, "folder": null, "file": "filer_public/a5/fe/a5fe3a58-f3a4-49a6-8fd7-0507ed5cb725/rectangle_83_1.png", "_file_size": 2136377, "sha1": "ff29c6e0920f580e07ed55e08e70599dc60ded43", "has_all_mandatory_data": false, "original_filename": "Rectangle 83 (1).png", "name": "", "description": null, "owner": 1, "uploaded_at": "2024-05-14T16:02:30.076Z", "modified_at": "2024-05-14T16:02:30.076Z", "is_public": true, "mime_type": "image/png"}}, {"model": "filer.file", "pk": 11, "fields": {"polymorphic_ctype": 30, "folder": null, "file": "filer_public/b2/37/b237a403-8d03-4433-b605-8a0f4d77f40e/rectangle_83.png", "_file_size": 1653423, "sha1": "236f64cf067345b8e49f8636af1c6f57c37d2ad9", "has_all_mandatory_data": false, "original_filename": "Rectangle 83.png", "name": "", "description": null, "owner": 1, "uploaded_at": "2024-05-14T16:19:22.750Z", "modified_at": "2024-05-14T16:19:22.750Z", "is_public": true, "mime_type": "image/png"}}, {"model": "filer.file", "pk": 12, "fields": {"polymorphic_ctype": 30, "folder": null, "file": "filer_public/3e/d8/3ed8f53d-e424-4887-8531-b6e2bca261e2/rectangle_83.png", "_file_size": 1653423, "sha1": "236f64cf067345b8e49f8636af1c6f57c37d2ad9", "has_all_mandatory_data": false, "original_filename": "Rectangle 83.png", "name": "", "description": null, "owner": 1, "uploaded_at": "2024-05-14T16:25:32.716Z", "modified_at": "2024-05-14T16:25:32.716Z", "is_public": true, "mime_type": "image/png"}}, {"model": "filer.file", "pk": 13, "fields": {"polymorphic_ctype": 30, "folder": null, "file": "filer_public/b4/40/b4402b65-4a95-4f4b-b567-1d7c69b49cf9/rectangle_83.png", "_file_size": 1653423, "sha1": "236f64cf067345b8e49f8636af1c6f57c37d2ad9", "has_all_mandatory_data": false, "original_filename": "Rectangle 83.png", "name": "", "description": null, "owner": 1, "uploaded_at": "2024-05-14T16:25:46.153Z", "modified_at": "2024-05-14T16:25:46.153Z", "is_public": true, "mime_type": "image/png"}}, {"model": "filer.file", "pk": 14, "fields": {"polymorphic_ctype": 30, "folder": null, "file": "filer_public/1d/9c/1d9c6856-03e9-4ca0-8d84-9a1a60f352d0/group_16.png", "_file_size": 2136391, "sha1": "a6c698b362ccf57fce278e9e7d88e9d3a4424d0e", "has_all_mandatory_data": false, "original_filename": "Group 16.png", "name": "", "description": null, "owner": 1, "uploaded_at": "2024-05-14T16:35:39.935Z", "modified_at": "2024-05-14T16:35:39.935Z", "is_public": true, "mime_type": "image/png"}}, {"model": "filer.file", "pk": 15, "fields": {"polymorphic_ctype": 30, "folder": null, "file": "filer_public/1d/c3/1dc376b4-1d1f-4b2c-8af9-67a4170b413b/image_3.png", "_file_size": 28617, "sha1": "da7701488a0897dfd8bfad095abb11e255e8d9ef", "has_all_mandatory_data": false, "original_filename": "image 3.png", "name": "", "description": null, "owner": 1, "uploaded_at": "2024-05-21T19:36:40.847Z", "modified_at": "2024-05-21T19:36:40.847Z", "is_public": true, "mime_type": "image/png"}}, {"model": "filer.file", "pk": 16, "fields": {"polymorphic_ctype": 30, "folder": null, "file": "filer_public/49/02/4902ab38-ea68-498a-af1d-a00d593912db/image_3.png", "_file_size": 28617, "sha1": "da7701488a0897dfd8bfad095abb11e255e8d9ef", "has_all_mandatory_data": false, "original_filename": "image 3.png", "name": "", "description": null, "owner": 1, "uploaded_at": "2024-05-21T19:56:11.710Z", "modified_at": "2024-05-21T19:56:11.710Z", "is_public": true, "mime_type": "image/png"}}, {"model": "filer.file", "pk": 17, "fields": {"polymorphic_ctype": 30, "folder": null, "file": "filer_public/a2/0c/a20c2279-b3a0-4e15-96c3-cffa941093ce/.png", "_file_size": 28617, "sha1": "da7701488a0897dfd8bfad095abb11e255e8d9ef", "has_all_mandatory_data": false, "original_filename": ".png", "name": "", "description": null, "owner": 1, "uploaded_at": "2024-05-21T19:56:33.317Z", "modified_at": "2024-05-21T19:56:33.317Z", "is_public": true, "mime_type": "image/png"}}, {"model": "filer.file", "pk": 18, "fields": {"polymorphic_ctype": 30, "folder": null, "file": "filer_public/77/f9/77f93426-76c9-4eb5-8b1f-a4ba23353a43/__.jpg", "_file_size": 30380, "sha1": "744a1f3d3b58bf9782237943b32a19696aea1a92", "has_all_mandatory_data": false, "original_filename": "__.jpg", "name": "", "description": null, "owner": 1, "uploaded_at": "2024-05-21T20:12:41.669Z", "modified_at": "2024-05-21T20:12:41.669Z", "is_public": true, "mime_type": "image/jpeg"}}, {"model": "filer.file", "pk": 19, "fields": {"polymorphic_ctype": 30, "folder": null, "file": "filer_public/e9/d2/e9d20622-dedc-456d-8f03-6af368ca9c48/__.jpg", "_file_size": 28855, "sha1": "cc297ae56b5daf417dbb06c5eefca0c607e0b1c1", "has_all_mandatory_data": false, "original_filename": "__.jpg", "name": "", "description": null, "owner": 1, "uploaded_at": "2024-05-21T20:45:08.713Z", "modified_at": "2024-05-21T20:45:08.713Z", "is_public": true, "mime_type": "image/jpeg"}}, {"model": "filer.file", "pk": 20, "fields": {"polymorphic_ctype": 30, "folder": null, "file": "filer_public/09/eb/09eb01f4-aecc-465d-9d1f-787cf820ae5e/__.jpg", "_file_size": 29928, "sha1": "19c79b2a9eecf1ed898ce18517371e0052567654", "has_all_mandatory_data": false, "original_filename": "__.jpg", "name": "", "description": null, "owner": 1, "uploaded_at": "2024-05-21T21:34:53.411Z", "modified_at": "2024-05-21T21:34:53.411Z", "is_public": true, "mime_type": "image/jpeg"}}, {"model": "filer.file", "pk": 21, "fields": {"polymorphic_ctype": 30, "folder": null, "file": "filer_public/07/5e/075e01ad-43bc-4040-ab3a-f820ec402e1e/__.jpg", "_file_size": 45741, "sha1": "2d6ef29dbf5c7697847113e7ce64cbfcaa6c507a", "has_all_mandatory_data": false, "original_filename": "__.jpg", "name": "", "description": null, "owner": 1, "uploaded_at": "2024-05-21T22:03:19.992Z", "modified_at": "2024-05-21T22:03:19.992Z", "is_public": true, "mime_type": "image/jpeg"}}, {"model": "filer.file", "pk": 22, "fields": {"polymorphic_ctype": 30, "folder": null, "file": "filer_public/3e/4b/3e4b4c3a-a3fd-476f-9443-0f9314899c8b/__jpg.jpg", "_file_size": 28534, "sha1": "5d8604da108a454b9cece643780407dede4344e6", "has_all_mandatory_data": false, "original_filename": "__jpg.jpg", "name": "", "description": null, "owner": 1, "uploaded_at": "2024-05-21T22:24:08.271Z", "modified_at": "2024-05-21T22:24:08.271Z", "is_public": true, "mime_type": "image/jpeg"}}, {"model": "filer.file", "pk": 23, "fields": {"polymorphic_ctype": 30, "folder": null, "file": "filer_public/c7/39/c7398ad6-f3d7-49ce-9039-badd7f22d72f/__.jpg", "_file_size": 31240, "sha1": "e39ea4a402f0dd9411086868b2c7b45428c8c5d8", "has_all_mandatory_data": false, "original_filename": "__.jpg", "name": "", "description": null, "owner": 1, "uploaded_at": "2024-05-21T22:55:49.349Z", "modified_at": "2024-05-21T22:55:49.349Z", "is_public": true, "mime_type": "image/jpeg"}}, {"model": "filer.file", "pk": 24, "fields": {"polymorphic_ctype": 30, "folder": null, "file": "filer_public/db/01/db016f2c-dd81-4910-8a03-79a437ba1b69/__.jpg", "_file_size": 33367, "sha1": "8aa39f708f407fb6903f52fc4058351b76b1f646", "has_all_mandatory_data": false, "original_filename": "__.jpg", "name": "", "description": null, "owner": 1, "uploaded_at": "2024-05-22T05:58:23.531Z", "modified_at": "2024-05-22T05:58:23.531Z", "is_public": true, "mime_type": "image/jpeg"}}, {"model": "filer.file", "pk": 25, "fields": {"polymorphic_ctype": 30, "folder": null, "file": "filer_public/0f/16/0f16463e-63a9-413b-8ddd-eacff169b02c/__.jpg", "_file_size": 31679, "sha1": "7095bfe54f85c73c4b1778edeae59fa54a4a0099", "has_all_mandatory_data": false, "original_filename": "__.jpg", "name": "", "description": null, "owner": 1, "uploaded_at": "2024-05-22T06:14:15.078Z", "modified_at": "2024-05-22T06:14:15.078Z", "is_public": true, "mime_type": "image/jpeg"}}, {"model": "filer.clipboard", "pk": 1, "fields": {"user": 1}}, {"model": "filer.image", "pk": 1, "fields": {"_height": 634.0, "_width": 1691.0, "_transparent": true, "default_alt_text": null, "default_caption": null, "subject_location": "904,312", "date_taken": "2024-05-14T15:29:19.509Z", "author": null, "must_always_publish_author_credit": false, "must_always_publish_copyright": false}}, {"model": "filer.image", "pk": 2, "fields": {"_height": 634.0, "_width": 1691.0, "_transparent": true, "default_alt_text": null, "default_caption": null, "subject_location": "", "date_taken": "2024-05-14T15:39:20.058Z", "author": null, "must_always_publish_author_credit": false, "must_always_publish_copyright": false}}, {"model": "filer.image", "pk": 3, "fields": {"_height": 634.0, "_width": 1691.0, "_transparent": true, "default_alt_text": null, "default_caption": null, "subject_location": "", "date_taken": "2024-05-14T15:46:16.491Z", "author": null, "must_always_publish_author_credit": false, "must_always_publish_copyright": false}}, {"model": "filer.image", "pk": 4, "fields": {"_height": 634.0, "_width": 1691.0, "_transparent": true, "default_alt_text": null, "default_caption": null, "subject_location": "", "date_taken": "2024-05-14T15:47:53.904Z", "author": null, "must_always_publish_author_credit": false, "must_always_publish_copyright": false}}, {"model": "filer.image", "pk": 5, "fields": {"_height": 634.0, "_width": 1237.0, "_transparent": true, "default_alt_text": null, "default_caption": null, "subject_location": "", "date_taken": "2024-05-14T15:53:12.797Z", "author": null, "must_always_publish_author_credit": false, "must_always_publish_copyright": false}}, {"model": "filer.image", "pk": 6, "fields": {"_height": 634.0, "_width": 1237.0, "_transparent": true, "default_alt_text": null, "default_caption": null, "subject_location": "", "date_taken": "2024-05-14T15:54:41.724Z", "author": null, "must_always_publish_author_credit": false, "must_always_publish_copyright": false}}, {"model": "filer.image", "pk": 7, "fields": {"_height": 634.0, "_width": 1691.0, "_transparent": true, "default_alt_text": null, "default_caption": null, "subject_location": "", "date_taken": "2024-05-14T15:55:59.006Z", "author": null, "must_always_publish_author_credit": false, "must_always_publish_copyright": false}}, {"model": "filer.image", "pk": 8, "fields": {"_height": 634.0, "_width": 1691.0, "_transparent": true, "default_alt_text": null, "default_caption": null, "subject_location": "", "date_taken": "2024-05-14T15:56:35.998Z", "author": null, "must_always_publish_author_credit": false, "must_always_publish_copyright": false}}, {"model": "filer.image", "pk": 9, "fields": {"_height": 634.0, "_width": 1691.0, "_transparent": true, "default_alt_text": null, "default_caption": null, "subject_location": "", "date_taken": "2024-05-14T15:58:52.949Z", "author": null, "must_always_publish_author_credit": false, "must_always_publish_copyright": false}}, {"model": "filer.image", "pk": 10, "fields": {"_height": 634.0, "_width": 1691.0, "_transparent": true, "default_alt_text": null, "default_caption": null, "subject_location": "", "date_taken": "2024-05-14T16:02:30.070Z", "author": null, "must_always_publish_author_credit": false, "must_always_publish_copyright": false}}, {"model": "filer.image", "pk": 11, "fields": {"_height": 634.0, "_width": 1237.0, "_transparent": true, "default_alt_text": null, "default_caption": null, "subject_location": "", "date_taken": "2024-05-14T16:19:22.736Z", "author": null, "must_always_publish_author_credit": false, "must_always_publish_copyright": false}}, {"model": "filer.image", "pk": 12, "fields": {"_height": 634.0, "_width": 1237.0, "_transparent": true, "default_alt_text": null, "default_caption": null, "subject_location": "", "date_taken": "2024-05-14T16:25:32.702Z", "author": null, "must_always_publish_author_credit": false, "must_always_publish_copyright": false}}, {"model": "filer.image", "pk": 13, "fields": {"_height": 634.0, "_width": 1237.0, "_transparent": true, "default_alt_text": null, "default_caption": null, "subject_location": "", "date_taken": "2024-05-14T16:25:46.144Z", "author": null, "must_always_publish_author_credit": false, "must_always_publish_copyright": false}}, {"model": "filer.image", "pk": 14, "fields": {"_height": 634.0, "_width": 1691.0, "_transparent": true, "default_alt_text": null, "default_caption": null, "subject_location": "", "date_taken": "2024-05-14T16:35:39.925Z", "author": null, "must_always_publish_author_credit": false, "must_always_publish_copyright": false}}, {"model": "filer.image", "pk": 15, "fields": {"_height": 150.0, "_width": 120.0, "_transparent": true, "default_alt_text": null, "default_caption": null, "subject_location": "", "date_taken": "2024-05-21T19:36:40.839Z", "author": null, "must_always_publish_author_credit": false, "must_always_publish_copyright": false}}, {"model": "filer.image", "pk": 16, "fields": {"_height": 150.0, "_width": 120.0, "_transparent": true, "default_alt_text": null, "default_caption": null, "subject_location": "", "date_taken": "2024-05-21T19:56:11.615Z", "author": null, "must_always_publish_author_credit": false, "must_always_publish_copyright": false}}, {"model": "filer.image", "pk": 17, "fields": {"_height": 150.0, "_width": 120.0, "_transparent": true, "default_alt_text": null, "default_caption": null, "subject_location": "", "date_taken": "2024-05-21T19:56:33.310Z", "author": null, "must_always_publish_author_credit": false, "must_always_publish_copyright": false}}, {"model": "filer.image", "pk": 18, "fields": {"_height": 150.0, "_width": 120.0, "_transparent": false, "default_alt_text": null, "default_caption": null, "subject_location": "", "date_taken": "2024-05-21T20:12:41.662Z", "author": null, "must_always_publish_author_credit": false, "must_always_publish_copyright": false}}, {"model": "filer.image", "pk": 19, "fields": {"_height": 150.0, "_width": 120.0, "_transparent": false, "default_alt_text": null, "default_caption": null, "subject_location": "", "date_taken": "2024-05-21T20:45:08.705Z", "author": null, "must_always_publish_author_credit": false, "must_always_publish_copyright": false}}, {"model": "filer.image", "pk": 20, "fields": {"_height": 150.0, "_width": 120.0, "_transparent": false, "default_alt_text": null, "default_caption": null, "subject_location": "", "date_taken": "2024-05-21T21:34:53.398Z", "author": null, "must_always_publish_author_credit": false, "must_always_publish_copyright": false}}, {"model": "filer.image", "pk": 21, "fields": {"_height": 200.0, "_width": 150.0, "_transparent": false, "default_alt_text": null, "default_caption": null, "subject_location": "", "date_taken": "2024-05-21T22:03:19.984Z", "author": null, "must_always_publish_author_credit": false, "must_always_publish_copyright": false}}, {"model": "filer.image", "pk": 22, "fields": {"_height": 150.0, "_width": 120.0, "_transparent": false, "default_alt_text": null, "default_caption": null, "subject_location": "", "date_taken": "2024-05-21T22:24:08.258Z", "author": null, "must_always_publish_author_credit": false, "must_always_publish_copyright": false}}, {"model": "filer.image", "pk": 23, "fields": {"_height": 150.0, "_width": 120.0, "_transparent": false, "default_alt_text": null, "default_caption": null, "subject_location": "", "date_taken": "2024-05-21T22:55:49.335Z", "author": null, "must_always_publish_author_credit": false, "must_always_publish_copyright": false}}, {"model": "filer.image", "pk": 24, "fields": {"_height": 150.0, "_width": 120.0, "_transparent": false, "default_alt_text": null, "default_caption": null, "subject_location": "", "date_taken": "2024-05-22T05:58:23.527Z", "author": null, "must_always_publish_author_credit": false, "must_always_publish_copyright": false}}, {"model": "filer.image", "pk": 25, "fields": {"_height": 150.0, "_width": 120.0, "_transparent": false, "default_alt_text": null, "default_caption": null, "subject_location": "", "date_taken": "2024-05-22T06:14:15.065Z", "author": null, "must_always_publish_author_credit": false, "must_always_publish_copyright": false}}, {"model": "easy_thumbnails.source", "pk": 1, "fields": {"storage_hash": "f9bde26a1556cd667f742bd34ec7c55e", "name": "filer_public/0e/f1/0ef1b15f-3634-4ab5-ad04-079fd874d612/rectangle_83.png", "modified": "2024-05-14T15:57:31.207Z"}}, {"model": "easy_thumbnails.source", "pk": 2, "fields": {"storage_hash": "f9bde26a1556cd667f742bd34ec7c55e", "name": "filer_public/1c/0e/1c0ed7e7-a4a8-4b7f-80b0-56ed54a21be5/rectangle_83.png", "modified": "2024-05-14T15:57:31.200Z"}}, {"model": "easy_thumbnails.source", "pk": 3, "fields": {"storage_hash": "f9bde26a1556cd667f742bd34ec7c55e", "name": "filer_public/fb/32/fb32b8b0-a57c-4b24-8bb4-3dd7c75c651e/rectangle_83.png", "modified": "2024-05-14T15:57:31.203Z"}}, {"model": "easy_thumbnails.source", "pk": 4, "fields": {"storage_hash": "f9bde26a1556cd667f742bd34ec7c55e", "name": "filer_public/b4/27/b4272591-f076-4506-ab17-b97fa99b7151/rectangle_83.png", "modified": "2024-05-14T15:57:31.125Z"}}, {"model": "easy_thumbnails.source", "pk": 5, "fields": {"storage_hash": "f9bde26a1556cd667f742bd34ec7c55e", "name": "filer_public/6b/a4/6ba4f96f-939f-4565-9c34-b8242f65d212/rectangle_83.png", "modified": "2024-05-14T15:57:31.374Z"}}, {"model": "easy_thumbnails.source", "pk": 6, "fields": {"storage_hash": "f9bde26a1556cd667f742bd34ec7c55e", "name": "filer_public/e3/e7/e3e7bf0d-3ec3-487f-a729-acacdcc8a165/rectangle_83.png", "modified": "2024-05-14T15:57:31.419Z"}}, {"model": "easy_thumbnails.source", "pk": 7, "fields": {"storage_hash": "f9bde26a1556cd667f742bd34ec7c55e", "name": "filer_public/19/f9/19f92bf7-f3e8-4a9b-86f9-214f2597af17/rectangle_83_1.png", "modified": "2024-05-14T15:57:31.543Z"}}, {"model": "easy_thumbnails.source", "pk": 8, "fields": {"storage_hash": "f9bde26a1556cd667f742bd34ec7c55e", "name": "filer_public/f3/dd/f3ddd5ff-aceb-4aea-a644-bb173bb48408/rectangle_83_1.png", "modified": "2024-05-14T15:57:53.760Z"}}, {"model": "easy_thumbnails.source", "pk": 9, "fields": {"storage_hash": "f9bde26a1556cd667f742bd34ec7c55e", "name": "filer_public/94/3a/943aaed6-5cac-46a4-8190-2703210db6a4/rectangle_83_1.png", "modified": "2024-05-14T15:59:31.516Z"}}, {"model": "easy_thumbnails.source", "pk": 10, "fields": {"storage_hash": "f9bde26a1556cd667f742bd34ec7c55e", "name": "filer_public/a5/fe/a5fe3a58-f3a4-49a6-8fd7-0507ed5cb725/rectangle_83_1.png", "modified": "2024-05-14T16:11:53.297Z"}}, {"model": "easy_thumbnails.source", "pk": 11, "fields": {"storage_hash": "f9bde26a1556cd667f742bd34ec7c55e", "name": "filer_public/b2/37/b237a403-8d03-4433-b605-8a0f4d77f40e/rectangle_83.png", "modified": "2024-05-14T16:22:06.538Z"}}, {"model": "easy_thumbnails.source", "pk": 12, "fields": {"storage_hash": "f9bde26a1556cd667f742bd34ec7c55e", "name": "filer_public/3e/d8/3ed8f53d-e424-4887-8531-b6e2bca261e2/rectangle_83.png", "modified": "2024-05-14T16:25:34.352Z"}}, {"model": "easy_thumbnails.source", "pk": 13, "fields": {"storage_hash": "f9bde26a1556cd667f742bd34ec7c55e", "name": "filer_public/b4/40/b4402b65-4a95-4f4b-b567-1d7c69b49cf9/rectangle_83.png", "modified": "2024-05-14T16:25:51.778Z"}}, {"model": "easy_thumbnails.source", "pk": 14, "fields": {"storage_hash": "f9bde26a1556cd667f742bd34ec7c55e", "name": "filer_public/1d/9c/1d9c6856-03e9-4ca0-8d84-9a1a60f352d0/group_16.png", "modified": "2024-05-14T16:42:33.156Z"}}, {"model": "easy_thumbnails.source", "pk": 15, "fields": {"storage_hash": "f9bde26a1556cd667f742bd34ec7c55e", "name": "filer_public/1d/c3/1dc376b4-1d1f-4b2c-8af9-67a4170b413b/image_3.png", "modified": "2024-05-21T19:37:24.114Z"}}, {"model": "easy_thumbnails.source", "pk": 16, "fields": {"storage_hash": "f9bde26a1556cd667f742bd34ec7c55e", "name": "filer_public/49/02/4902ab38-ea68-498a-af1d-a00d593912db/image_3.png", "modified": "2024-05-21T19:56:11.751Z"}}, {"model": "easy_thumbnails.source", "pk": 17, "fields": {"storage_hash": "f9bde26a1556cd667f742bd34ec7c55e", "name": "filer_public/a2/0c/a20c2279-b3a0-4e15-96c3-cffa941093ce/.png", "modified": "2024-05-21T19:57:23.472Z"}}, {"model": "easy_thumbnails.source", "pk": 18, "fields": {"storage_hash": "f9bde26a1556cd667f742bd34ec7c55e", "name": "filer_public/77/f9/77f93426-76c9-4eb5-8b1f-a4ba23353a43/__.jpg", "modified": "2024-05-21T20:12:43.883Z"}}, {"model": "easy_thumbnails.source", "pk": 19, "fields": {"storage_hash": "f9bde26a1556cd667f742bd34ec7c55e", "name": "filer_public/e9/d2/e9d20622-dedc-456d-8f03-6af368ca9c48/__.jpg", "modified": "2024-05-21T20:45:25.781Z"}}, {"model": "easy_thumbnails.source", "pk": 20, "fields": {"storage_hash": "f9bde26a1556cd667f742bd34ec7c55e", "name": "filer_public/09/eb/09eb01f4-aecc-465d-9d1f-787cf820ae5e/__.jpg", "modified": "2024-05-21T21:34:55.597Z"}}, {"model": "easy_thumbnails.source", "pk": 21, "fields": {"storage_hash": "f9bde26a1556cd667f742bd34ec7c55e", "name": "filer_public/07/5e/075e01ad-43bc-4040-ab3a-f820ec402e1e/__.jpg", "modified": "2024-05-21T22:03:21.678Z"}}, {"model": "easy_thumbnails.source", "pk": 22, "fields": {"storage_hash": "f9bde26a1556cd667f742bd34ec7c55e", "name": "filer_public/3e/4b/3e4b4c3a-a3fd-476f-9443-0f9314899c8b/__jpg.jpg", "modified": "2024-05-21T22:24:09.469Z"}}, {"model": "easy_thumbnails.source", "pk": 23, "fields": {"storage_hash": "f9bde26a1556cd667f742bd34ec7c55e", "name": "filer_public/c7/39/c7398ad6-f3d7-49ce-9039-badd7f22d72f/__.jpg", "modified": "2024-05-21T22:55:50.759Z"}}, {"model": "easy_thumbnails.source", "pk": 24, "fields": {"storage_hash": "f9bde26a1556cd667f742bd34ec7c55e", "name": "filer_public/db/01/db016f2c-dd81-4910-8a03-79a437ba1b69/__.jpg", "modified": "2024-05-22T05:58:25.242Z"}}, {"model": "easy_thumbnails.source", "pk": 25, "fields": {"storage_hash": "f9bde26a1556cd667f742bd34ec7c55e", "name": "filer_public/0f/16/0f16463e-63a9-413b-8ddd-eacff169b02c/__.jpg", "modified": "2024-05-22T06:14:16.501Z"}}, {"model": "easy_thumbnails.thumbnail", "pk": 1, "fields": {"storage_hash": "f9bde26a1556cd667f742bd34ec7c55e", "name": "filer_public_thumbnails\\filer_public/0e/f1/0ef1b15f-3634-4ab5-ad04-079fd874d612\\rectangle_83.png__180x180_crop_subsampling-2_upscale.png", "modified": "2024-05-14T15:29:19.692Z", "source": 1}}, {"model": "easy_thumbnails.thumbnail", "pk": 2, "fields": {"storage_hash": "f9bde26a1556cd667f742bd34ec7c55e", "name": "filer_public_thumbnails\\filer_public/0e/f1/0ef1b15f-3634-4ab5-ad04-079fd874d612\\rectangle_83.png__1691.0x634.0_subsampling-2.png", "modified": "2024-05-14T15:29:21.614Z", "source": 1}}, {"model": "easy_thumbnails.thumbnail", "pk": 3, "fields": {"storage_hash": "f9bde26a1556cd667f742bd34ec7c55e", "name": "filer_public_thumbnails\\filer_public/0e/f1/0ef1b15f-3634-4ab5-ad04-079fd874d612\\rectangle_83.png__80x80_crop_subsampling-2.png", "modified": "2024-05-14T15:30:31.307Z", "source": 1}}, {"model": "easy_thumbnails.thumbnail", "pk": 4, "fields": {"storage_hash": "f9bde26a1556cd667f742bd34ec7c55e", "name": "filer_public_thumbnails\\filer_public/0e/f1/0ef1b15f-3634-4ab5-ad04-079fd874d612\\rectangle_83.png__160x160_crop_subsampling-2.png", "modified": "2024-05-14T15:30:31.381Z", "source": 1}}, {"model": "easy_thumbnails.thumbnail", "pk": 5, "fields": {"storage_hash": "f9bde26a1556cd667f742bd34ec7c55e", "name": "filer_public_thumbnails\\filer_public/0e/f1/0ef1b15f-3634-4ab5-ad04-079fd874d612\\rectangle_83.png__210x79_subsampling-2_upscale.png", "modified": "2024-05-14T15:30:35.900Z", "source": 1}}, {"model": "easy_thumbnails.thumbnail", "pk": 6, "fields": {"storage_hash": "f9bde26a1556cd667f742bd34ec7c55e", "name": "filer_public_thumbnails\\filer_public/0e/f1/0ef1b15f-3634-4ab5-ad04-079fd874d612\\rectangle_83.png__420x158_subsampling-2_upscale.png", "modified": "2024-05-14T15:30:36.003Z", "source": 1}}, {"model": "easy_thumbnails.thumbnail", "pk": 7, "fields": {"storage_hash": "f9bde26a1556cd667f742bd34ec7c55e", "name": "filer_public_thumbnails\\filer_public/0e/f1/0ef1b15f-3634-4ab5-ad04-079fd874d612\\rectangle_83.png__1691.0x634.0_crop_subsampling-2.png", "modified": "2024-05-14T15:32:36.793Z", "source": 1}}, {"model": "easy_thumbnails.thumbnail", "pk": 8, "fields": {"storage_hash": "f9bde26a1556cd667f742bd34ec7c55e", "name": "filer_public_thumbnails\\filer_public/1c/0e/1c0ed7e7-a4a8-4b7f-80b0-56ed54a21be5\\rectangle_83.png__180x180_crop_subsampling-2_upscale.png", "modified": "2024-05-14T15:39:20.171Z", "source": 2}}, {"model": "easy_thumbnails.thumbnail", "pk": 9, "fields": {"storage_hash": "f9bde26a1556cd667f742bd34ec7c55e", "name": "filer_public_thumbnails\\filer_public/fb/32/fb32b8b0-a57c-4b24-8bb4-3dd7c75c651e\\rectangle_83.png__180x180_crop_subsampling-2_upscale.png", "modified": "2024-05-14T15:46:16.623Z", "source": 3}}, {"model": "easy_thumbnails.thumbnail", "pk": 10, "fields": {"storage_hash": "f9bde26a1556cd667f742bd34ec7c55e", "name": "filer_public_thumbnails\\filer_public/fb/32/fb32b8b0-a57c-4b24-8bb4-3dd7c75c651e\\rectangle_83.png__576x576_subsampling-2.png", "modified": "2024-05-14T15:47:29.683Z", "source": 3}}, {"model": "easy_thumbnails.thumbnail", "pk": 11, "fields": {"storage_hash": "f9bde26a1556cd667f742bd34ec7c55e", "name": "filer_public_thumbnails\\filer_public/fb/32/fb32b8b0-a57c-4b24-8bb4-3dd7c75c651e\\rectangle_83.png__768x768_subsampling-2.png", "modified": "2024-05-14T15:47:29.902Z", "source": 3}}, {"model": "easy_thumbnails.thumbnail", "pk": 12, "fields": {"storage_hash": "f9bde26a1556cd667f742bd34ec7c55e", "name": "filer_public_thumbnails\\filer_public/fb/32/fb32b8b0-a57c-4b24-8bb4-3dd7c75c651e\\rectangle_83.png__992x992_subsampling-2.png", "modified": "2024-05-14T15:47:30.247Z", "source": 3}}, {"model": "easy_thumbnails.thumbnail", "pk": 13, "fields": {"storage_hash": "f9bde26a1556cd667f742bd34ec7c55e", "name": "filer_public_thumbnails\\filer_public/fb/32/fb32b8b0-a57c-4b24-8bb4-3dd7c75c651e\\rectangle_83.png__1691.0x634.0_subsampling-2.png", "modified": "2024-05-14T15:47:31.057Z", "source": 3}}, {"model": "easy_thumbnails.thumbnail", "pk": 14, "fields": {"storage_hash": "f9bde26a1556cd667f742bd34ec7c55e", "name": "filer_public_thumbnails\\filer_public/b4/27/b4272591-f076-4506-ab17-b97fa99b7151\\rectangle_83.png__180x180_crop_subsampling-2_upscale.png", "modified": "2024-05-14T15:47:54.008Z", "source": 4}}, {"model": "easy_thumbnails.thumbnail", "pk": 15, "fields": {"storage_hash": "f9bde26a1556cd667f742bd34ec7c55e", "name": "filer_public_thumbnails\\filer_public/b4/27/b4272591-f076-4506-ab17-b97fa99b7151\\rectangle_83.png__1691.0x634.0_crop_subsampling-2.png", "modified": "2024-05-14T15:49:42.819Z", "source": 4}}, {"model": "easy_thumbnails.thumbnail", "pk": 16, "fields": {"storage_hash": "f9bde26a1556cd667f742bd34ec7c55e", "name": "filer_public_thumbnails\\filer_public/b4/27/b4272591-f076-4506-ab17-b97fa99b7151\\rectangle_83.png__80x80_crop_subsampling-2.png", "modified": "2024-05-14T15:50:00.327Z", "source": 4}}, {"model": "easy_thumbnails.thumbnail", "pk": 17, "fields": {"storage_hash": "f9bde26a1556cd667f742bd34ec7c55e", "name": "filer_public_thumbnails\\filer_public/b4/27/b4272591-f076-4506-ab17-b97fa99b7151\\rectangle_83.png__160x160_crop_subsampling-2.png", "modified": "2024-05-14T15:50:00.416Z", "source": 4}}, {"model": "easy_thumbnails.thumbnail", "pk": 18, "fields": {"storage_hash": "f9bde26a1556cd667f742bd34ec7c55e", "name": "filer_public_thumbnails\\filer_public/6b/a4/6ba4f96f-939f-4565-9c34-b8242f65d212\\rectangle_83.png__180x180_crop_subsampling-2_upscale.png", "modified": "2024-05-14T15:53:12.880Z", "source": 5}}, {"model": "easy_thumbnails.thumbnail", "pk": 19, "fields": {"storage_hash": "f9bde26a1556cd667f742bd34ec7c55e", "name": "filer_public_thumbnails\\filer_public/6b/a4/6ba4f96f-939f-4565-9c34-b8242f65d212\\rectangle_83.png__576x576_subsampling-2.png", "modified": "2024-05-14T15:53:36.680Z", "source": 5}}, {"model": "easy_thumbnails.thumbnail", "pk": 20, "fields": {"storage_hash": "f9bde26a1556cd667f742bd34ec7c55e", "name": "filer_public_thumbnails\\filer_public/6b/a4/6ba4f96f-939f-4565-9c34-b8242f65d212\\rectangle_83.png__768x768_subsampling-2.png", "modified": "2024-05-14T15:53:36.934Z", "source": 5}}, {"model": "easy_thumbnails.thumbnail", "pk": 21, "fields": {"storage_hash": "f9bde26a1556cd667f742bd34ec7c55e", "name": "filer_public_thumbnails\\filer_public/6b/a4/6ba4f96f-939f-4565-9c34-b8242f65d212\\rectangle_83.png__992x992_subsampling-2.png", "modified": "2024-05-14T15:53:37.346Z", "source": 5}}, {"model": "easy_thumbnails.thumbnail", "pk": 22, "fields": {"storage_hash": "f9bde26a1556cd667f742bd34ec7c55e", "name": "filer_public_thumbnails\\filer_public/6b/a4/6ba4f96f-939f-4565-9c34-b8242f65d212\\rectangle_83.png__1237.0x634.0_subsampling-2.png", "modified": "2024-05-14T15:53:37.909Z", "source": 5}}, {"model": "easy_thumbnails.thumbnail", "pk": 23, "fields": {"storage_hash": "f9bde26a1556cd667f742bd34ec7c55e", "name": "filer_public_thumbnails\\filer_public/6b/a4/6ba4f96f-939f-4565-9c34-b8242f65d212\\rectangle_83.png__80x80_crop_subsampling-2.png", "modified": "2024-05-14T15:53:59.593Z", "source": 5}}, {"model": "easy_thumbnails.thumbnail", "pk": 24, "fields": {"storage_hash": "f9bde26a1556cd667f742bd34ec7c55e", "name": "filer_public_thumbnails\\filer_public/6b/a4/6ba4f96f-939f-4565-9c34-b8242f65d212\\rectangle_83.png__160x160_crop_subsampling-2.png", "modified": "2024-05-14T15:53:59.649Z", "source": 5}}, {"model": "easy_thumbnails.thumbnail", "pk": 25, "fields": {"storage_hash": "f9bde26a1556cd667f742bd34ec7c55e", "name": "filer_public_thumbnails\\filer_public/e3/e7/e3e7bf0d-3ec3-487f-a729-acacdcc8a165\\rectangle_83.png__180x180_crop_subsampling-2_upscale.png", "modified": "2024-05-14T15:54:41.801Z", "source": 6}}, {"model": "easy_thumbnails.thumbnail", "pk": 26, "fields": {"storage_hash": "f9bde26a1556cd667f742bd34ec7c55e", "name": "filer_public_thumbnails\\filer_public/e3/e7/e3e7bf0d-3ec3-487f-a729-acacdcc8a165\\rectangle_83.png__1237.0x634.0_subsampling-2.png", "modified": "2024-05-14T15:55:05.373Z", "source": 6}}, {"model": "easy_thumbnails.thumbnail", "pk": 27, "fields": {"storage_hash": "f9bde26a1556cd667f742bd34ec7c55e", "name": "filer_public_thumbnails\\filer_public/e3/e7/e3e7bf0d-3ec3-487f-a729-acacdcc8a165\\rectangle_83.png__80x80_crop_subsampling-2.png", "modified": "2024-05-14T15:55:42.663Z", "source": 6}}, {"model": "easy_thumbnails.thumbnail", "pk": 28, "fields": {"storage_hash": "f9bde26a1556cd667f742bd34ec7c55e", "name": "filer_public_thumbnails\\filer_public/e3/e7/e3e7bf0d-3ec3-487f-a729-acacdcc8a165\\rectangle_83.png__160x160_crop_subsampling-2.png", "modified": "2024-05-14T15:55:42.736Z", "source": 6}}, {"model": "easy_thumbnails.thumbnail", "pk": 29, "fields": {"storage_hash": "f9bde26a1556cd667f742bd34ec7c55e", "name": "filer_public_thumbnails\\filer_public/19/f9/19f92bf7-f3e8-4a9b-86f9-214f2597af17\\rectangle_83_1.png__180x180_crop_subsampling-2_upscale.png", "modified": "2024-05-14T15:55:59.107Z", "source": 7}}, {"model": "easy_thumbnails.thumbnail", "pk": 30, "fields": {"storage_hash": "f9bde26a1556cd667f742bd34ec7c55e", "name": "filer_public_thumbnails\\filer_public/19/f9/19f92bf7-f3e8-4a9b-86f9-214f2597af17\\rectangle_83_1.png__576x576_subsampling-2.png", "modified": "2024-05-14T15:56:19.278Z", "source": 7}}, {"model": "easy_thumbnails.thumbnail", "pk": 31, "fields": {"storage_hash": "f9bde26a1556cd667f742bd34ec7c55e", "name": "filer_public_thumbnails\\filer_public/19/f9/19f92bf7-f3e8-4a9b-86f9-214f2597af17\\rectangle_83_1.png__768x768_subsampling-2.png", "modified": "2024-05-14T15:56:19.517Z", "source": 7}}, {"model": "easy_thumbnails.thumbnail", "pk": 32, "fields": {"storage_hash": "f9bde26a1556cd667f742bd34ec7c55e", "name": "filer_public_thumbnails\\filer_public/19/f9/19f92bf7-f3e8-4a9b-86f9-214f2597af17\\rectangle_83_1.png__992x992_subsampling-2.png", "modified": "2024-05-14T15:56:19.837Z", "source": 7}}, {"model": "easy_thumbnails.thumbnail", "pk": 33, "fields": {"storage_hash": "f9bde26a1556cd667f742bd34ec7c55e", "name": "filer_public_thumbnails\\filer_public/19/f9/19f92bf7-f3e8-4a9b-86f9-214f2597af17\\rectangle_83_1.png__1691.0x634.0_subsampling-2_upscale.png", "modified": "2024-05-14T15:56:20.604Z", "source": 7}}, {"model": "easy_thumbnails.thumbnail", "pk": 34, "fields": {"storage_hash": "f9bde26a1556cd667f742bd34ec7c55e", "name": "filer_public_thumbnails\\filer_public/f3/dd/f3ddd5ff-aceb-4aea-a644-bb173bb48408\\rectangle_83_1.png__180x180_crop_subsampling-2_upscale.png", "modified": "2024-05-14T15:56:36.132Z", "source": 8}}, {"model": "easy_thumbnails.thumbnail", "pk": 35, "fields": {"storage_hash": "f9bde26a1556cd667f742bd34ec7c55e", "name": "filer_public_thumbnails\\filer_public/f3/dd/f3ddd5ff-aceb-4aea-a644-bb173bb48408\\rectangle_83_1.png__576x576_subsampling-2.png", "modified": "2024-05-14T15:57:05.949Z", "source": 8}}, {"model": "easy_thumbnails.thumbnail", "pk": 36, "fields": {"storage_hash": "f9bde26a1556cd667f742bd34ec7c55e", "name": "filer_public_thumbnails\\filer_public/f3/dd/f3ddd5ff-aceb-4aea-a644-bb173bb48408\\rectangle_83_1.png__768x768_subsampling-2.png", "modified": "2024-05-14T15:57:06.178Z", "source": 8}}, {"model": "easy_thumbnails.thumbnail", "pk": 37, "fields": {"storage_hash": "f9bde26a1556cd667f742bd34ec7c55e", "name": "filer_public_thumbnails\\filer_public/f3/dd/f3ddd5ff-aceb-4aea-a644-bb173bb48408\\rectangle_83_1.png__992x992_subsampling-2.png", "modified": "2024-05-14T15:57:06.583Z", "source": 8}}, {"model": "easy_thumbnails.thumbnail", "pk": 38, "fields": {"storage_hash": "f9bde26a1556cd667f742bd34ec7c55e", "name": "filer_public_thumbnails\\filer_public/f3/dd/f3ddd5ff-aceb-4aea-a644-bb173bb48408\\rectangle_83_1.png__1691.0x634.0_subsampling-2.png", "modified": "2024-05-14T15:57:07.317Z", "source": 8}}, {"model": "easy_thumbnails.thumbnail", "pk": 39, "fields": {"storage_hash": "f9bde26a1556cd667f742bd34ec7c55e", "name": "filer_public_thumbnails\\filer_public/f3/dd/f3ddd5ff-aceb-4aea-a644-bb173bb48408\\rectangle_83_1.png__80x80_crop_subsampling-2.png", "modified": "2024-05-14T15:57:15.662Z", "source": 8}}, {"model": "easy_thumbnails.thumbnail", "pk": 40, "fields": {"storage_hash": "f9bde26a1556cd667f742bd34ec7c55e", "name": "filer_public_thumbnails\\filer_public/f3/dd/f3ddd5ff-aceb-4aea-a644-bb173bb48408\\rectangle_83_1.png__160x160_crop_subsampling-2.png", "modified": "2024-05-14T15:57:15.769Z", "source": 8}}, {"model": "easy_thumbnails.thumbnail", "pk": 41, "fields": {"storage_hash": "f9bde26a1556cd667f742bd34ec7c55e", "name": "filer_public_thumbnails\\filer_public/b4/27/b4272591-f076-4506-ab17-b97fa99b7151\\rectangle_83.png__40x40_crop_subsampling-2.png", "modified": "2024-05-14T15:57:31.148Z", "source": 4}}, {"model": "easy_thumbnails.thumbnail", "pk": 42, "fields": {"storage_hash": "f9bde26a1556cd667f742bd34ec7c55e", "name": "filer_public_thumbnails\\filer_public/1c/0e/1c0ed7e7-a4a8-4b7f-80b0-56ed54a21be5\\rectangle_83.png__40x40_crop_subsampling-2.png", "modified": "2024-05-14T15:57:31.211Z", "source": 2}}, {"model": "easy_thumbnails.thumbnail", "pk": 43, "fields": {"storage_hash": "f9bde26a1556cd667f742bd34ec7c55e", "name": "filer_public_thumbnails\\filer_public/fb/32/fb32b8b0-a57c-4b24-8bb4-3dd7c75c651e\\rectangle_83.png__40x40_crop_subsampling-2.png", "modified": "2024-05-14T15:57:31.243Z", "source": 3}}, {"model": "easy_thumbnails.thumbnail", "pk": 44, "fields": {"storage_hash": "f9bde26a1556cd667f742bd34ec7c55e", "name": "filer_public_thumbnails\\filer_public/0e/f1/0ef1b15f-3634-4ab5-ad04-079fd874d612\\rectangle_83.png__40x40_crop_subsampling-2.png", "modified": "2024-05-14T15:57:31.273Z", "source": 1}}, {"model": "easy_thumbnails.thumbnail", "pk": 45, "fields": {"storage_hash": "f9bde26a1556cd667f742bd34ec7c55e", "name": "filer_public_thumbnails\\filer_public/6b/a4/6ba4f96f-939f-4565-9c34-b8242f65d212\\rectangle_83.png__40x40_crop_subsampling-2.png", "modified": "2024-05-14T15:57:31.380Z", "source": 5}}, {"model": "easy_thumbnails.thumbnail", "pk": 46, "fields": {"storage_hash": "f9bde26a1556cd667f742bd34ec7c55e", "name": "filer_public_thumbnails\\filer_public/e3/e7/e3e7bf0d-3ec3-487f-a729-acacdcc8a165\\rectangle_83.png__40x40_crop_subsampling-2.png", "modified": "2024-05-14T15:57:31.426Z", "source": 6}}, {"model": "easy_thumbnails.thumbnail", "pk": 47, "fields": {"storage_hash": "f9bde26a1556cd667f742bd34ec7c55e", "name": "filer_public_thumbnails\\filer_public/f3/dd/f3ddd5ff-aceb-4aea-a644-bb173bb48408\\rectangle_83_1.png__40x40_crop_subsampling-2.png", "modified": "2024-05-14T15:57:31.562Z", "source": 8}}, {"model": "easy_thumbnails.thumbnail", "pk": 48, "fields": {"storage_hash": "f9bde26a1556cd667f742bd34ec7c55e", "name": "filer_public_thumbnails\\filer_public/19/f9/19f92bf7-f3e8-4a9b-86f9-214f2597af17\\rectangle_83_1.png__40x40_crop_subsampling-2.png", "modified": "2024-05-14T15:57:31.594Z", "source": 7}}, {"model": "easy_thumbnails.thumbnail", "pk": 49, "fields": {"storage_hash": "f9bde26a1556cd667f742bd34ec7c55e", "name": "filer_public_thumbnails\\filer_public/f3/dd/f3ddd5ff-aceb-4aea-a644-bb173bb48408\\rectangle_83_1.png__1691.0x634.0_subsampling-2_upscale.png", "modified": "2024-05-14T15:57:53.766Z", "source": 8}}, {"model": "easy_thumbnails.thumbnail", "pk": 50, "fields": {"storage_hash": "f9bde26a1556cd667f742bd34ec7c55e", "name": "filer_public_thumbnails\\filer_public/94/3a/943aaed6-5cac-46a4-8190-2703210db6a4\\rectangle_83_1.png__180x180_crop_subsampling-2_upscale.png", "modified": "2024-05-14T15:58:53.080Z", "source": 9}}, {"model": "easy_thumbnails.thumbnail", "pk": 51, "fields": {"storage_hash": "f9bde26a1556cd667f742bd34ec7c55e", "name": "filer_public_thumbnails\\filer_public/94/3a/943aaed6-5cac-46a4-8190-2703210db6a4\\rectangle_83_1.png__1691.0x634.0_subsampling-2.png", "modified": "2024-05-14T15:59:11.813Z", "source": 9}}, {"model": "easy_thumbnails.thumbnail", "pk": 52, "fields": {"storage_hash": "f9bde26a1556cd667f742bd34ec7c55e", "name": "filer_public_thumbnails\\filer_public/94/3a/943aaed6-5cac-46a4-8190-2703210db6a4\\rectangle_83_1.png__80x80_crop_subsampling-2.png", "modified": "2024-05-14T15:59:28.072Z", "source": 9}}, {"model": "easy_thumbnails.thumbnail", "pk": 53, "fields": {"storage_hash": "f9bde26a1556cd667f742bd34ec7c55e", "name": "filer_public_thumbnails\\filer_public/94/3a/943aaed6-5cac-46a4-8190-2703210db6a4\\rectangle_83_1.png__160x160_crop_subsampling-2.png", "modified": "2024-05-14T15:59:28.168Z", "source": 9}}, {"model": "easy_thumbnails.thumbnail", "pk": 54, "fields": {"storage_hash": "f9bde26a1556cd667f742bd34ec7c55e", "name": "filer_public_thumbnails\\filer_public/94/3a/943aaed6-5cac-46a4-8190-2703210db6a4\\rectangle_83_1.png__210x79_subsampling-2_upscale.png", "modified": "2024-05-14T15:59:31.543Z", "source": 9}}, {"model": "easy_thumbnails.thumbnail", "pk": 55, "fields": {"storage_hash": "f9bde26a1556cd667f742bd34ec7c55e", "name": "filer_public_thumbnails\\filer_public/94/3a/943aaed6-5cac-46a4-8190-2703210db6a4\\rectangle_83_1.png__420x158_subsampling-2_upscale.png", "modified": "2024-05-14T15:59:31.664Z", "source": 9}}, {"model": "easy_thumbnails.thumbnail", "pk": 56, "fields": {"storage_hash": "f9bde26a1556cd667f742bd34ec7c55e", "name": "filer_public_thumbnails\\filer_public/a5/fe/a5fe3a58-f3a4-49a6-8fd7-0507ed5cb725\\rectangle_83_1.png__180x180_crop_subsampling-2_upscale.png", "modified": "2024-05-14T16:02:30.172Z", "source": 10}}, {"model": "easy_thumbnails.thumbnail", "pk": 57, "fields": {"storage_hash": "f9bde26a1556cd667f742bd34ec7c55e", "name": "filer_public_thumbnails\\filer_public/a5/fe/a5fe3a58-f3a4-49a6-8fd7-0507ed5cb725\\rectangle_83_1.png__1691.0x634.0_subsampling-2.png", "modified": "2024-05-14T16:02:32.559Z", "source": 10}}, {"model": "easy_thumbnails.thumbnail", "pk": 58, "fields": {"storage_hash": "f9bde26a1556cd667f742bd34ec7c55e", "name": "filer_public_thumbnails\\filer_public/a5/fe/a5fe3a58-f3a4-49a6-8fd7-0507ed5cb725\\rectangle_83_1.png__80x80_crop_subsampling-2.png", "modified": "2024-05-14T16:11:10.186Z", "source": 10}}, {"model": "easy_thumbnails.thumbnail", "pk": 59, "fields": {"storage_hash": "f9bde26a1556cd667f742bd34ec7c55e", "name": "filer_public_thumbnails\\filer_public/a5/fe/a5fe3a58-f3a4-49a6-8fd7-0507ed5cb725\\rectangle_83_1.png__160x160_crop_subsampling-2.png", "modified": "2024-05-14T16:11:10.265Z", "source": 10}}, {"model": "easy_thumbnails.thumbnail", "pk": 60, "fields": {"storage_hash": "f9bde26a1556cd667f742bd34ec7c55e", "name": "filer_public_thumbnails\\filer_public/a5/fe/a5fe3a58-f3a4-49a6-8fd7-0507ed5cb725\\rectangle_83_1.png__576x576_subsampling-2.png", "modified": "2024-05-14T16:11:53.303Z", "source": 10}}, {"model": "easy_thumbnails.thumbnail", "pk": 61, "fields": {"storage_hash": "f9bde26a1556cd667f742bd34ec7c55e", "name": "filer_public_thumbnails\\filer_public/a5/fe/a5fe3a58-f3a4-49a6-8fd7-0507ed5cb725\\rectangle_83_1.png__768x768_subsampling-2.png", "modified": "2024-05-14T16:11:53.507Z", "source": 10}}, {"model": "easy_thumbnails.thumbnail", "pk": 62, "fields": {"storage_hash": "f9bde26a1556cd667f742bd34ec7c55e", "name": "filer_public_thumbnails\\filer_public/a5/fe/a5fe3a58-f3a4-49a6-8fd7-0507ed5cb725\\rectangle_83_1.png__992x992_subsampling-2.png", "modified": "2024-05-14T16:11:53.889Z", "source": 10}}, {"model": "easy_thumbnails.thumbnail", "pk": 63, "fields": {"storage_hash": "f9bde26a1556cd667f742bd34ec7c55e", "name": "filer_public_thumbnails\\filer_public/b2/37/b237a403-8d03-4433-b605-8a0f4d77f40e\\rectangle_83.png__180x180_crop_subsampling-2_upscale.png", "modified": "2024-05-14T16:19:22.854Z", "source": 11}}, {"model": "easy_thumbnails.thumbnail", "pk": 64, "fields": {"storage_hash": "f9bde26a1556cd667f742bd34ec7c55e", "name": "filer_public_thumbnails\\filer_public/b2/37/b237a403-8d03-4433-b605-8a0f4d77f40e\\rectangle_83.png__1237.0x634.0_subsampling-2.png", "modified": "2024-05-14T16:19:25.769Z", "source": 11}}, {"model": "easy_thumbnails.thumbnail", "pk": 65, "fields": {"storage_hash": "f9bde26a1556cd667f742bd34ec7c55e", "name": "filer_public_thumbnails\\filer_public/b2/37/b237a403-8d03-4433-b605-8a0f4d77f40e\\rectangle_83.png__80x80_crop_subsampling-2.png", "modified": "2024-05-14T16:22:06.550Z", "source": 11}}, {"model": "easy_thumbnails.thumbnail", "pk": 66, "fields": {"storage_hash": "f9bde26a1556cd667f742bd34ec7c55e", "name": "filer_public_thumbnails\\filer_public/b2/37/b237a403-8d03-4433-b605-8a0f4d77f40e\\rectangle_83.png__160x160_crop_subsampling-2.png", "modified": "2024-05-14T16:22:06.615Z", "source": 11}}, {"model": "easy_thumbnails.thumbnail", "pk": 67, "fields": {"storage_hash": "f9bde26a1556cd667f742bd34ec7c55e", "name": "filer_public_thumbnails\\filer_public/3e/d8/3ed8f53d-e424-4887-8531-b6e2bca261e2\\rectangle_83.png__180x180_crop_subsampling-2_upscale.png", "modified": "2024-05-14T16:25:32.802Z", "source": 12}}, {"model": "easy_thumbnails.thumbnail", "pk": 68, "fields": {"storage_hash": "f9bde26a1556cd667f742bd34ec7c55e", "name": "filer_public_thumbnails\\filer_public/3e/d8/3ed8f53d-e424-4887-8531-b6e2bca261e2\\rectangle_83.png__1237.0x634.0_subsampling-2.png", "modified": "2024-05-14T16:25:34.450Z", "source": 12}}, {"model": "easy_thumbnails.thumbnail", "pk": 69, "fields": {"storage_hash": "f9bde26a1556cd667f742bd34ec7c55e", "name": "filer_public_thumbnails\\filer_public/b4/40/b4402b65-4a95-4f4b-b567-1d7c69b49cf9\\rectangle_83.png__180x180_crop_subsampling-2_upscale.png", "modified": "2024-05-14T16:25:46.226Z", "source": 13}}, {"model": "easy_thumbnails.thumbnail", "pk": 70, "fields": {"storage_hash": "f9bde26a1556cd667f742bd34ec7c55e", "name": "filer_public_thumbnails\\filer_public/b4/40/b4402b65-4a95-4f4b-b567-1d7c69b49cf9\\rectangle_83.png__1237.0x634.0_subsampling-2.png", "modified": "2024-05-14T16:25:51.782Z", "source": 13}}, {"model": "easy_thumbnails.thumbnail", "pk": 71, "fields": {"storage_hash": "f9bde26a1556cd667f742bd34ec7c55e", "name": "filer_public_thumbnails\\filer_public/1d/9c/1d9c6856-03e9-4ca0-8d84-9a1a60f352d0\\group_16.png__180x180_crop_subsampling-2_upscale.png", "modified": "2024-05-14T16:35:40.059Z", "source": 14}}, {"model": "easy_thumbnails.thumbnail", "pk": 72, "fields": {"storage_hash": "f9bde26a1556cd667f742bd34ec7c55e", "name": "filer_public_thumbnails\\filer_public/1d/9c/1d9c6856-03e9-4ca0-8d84-9a1a60f352d0\\group_16.png__1691.0x634.0_subsampling-2.png", "modified": "2024-05-14T16:35:46.350Z", "source": 14}}, {"model": "easy_thumbnails.thumbnail", "pk": 73, "fields": {"storage_hash": "f9bde26a1556cd667f742bd34ec7c55e", "name": "filer_public_thumbnails\\filer_public/1d/9c/1d9c6856-03e9-4ca0-8d84-9a1a60f352d0\\group_16.png__80x80_crop_subsampling-2.png", "modified": "2024-05-14T16:40:45.033Z", "source": 14}}, {"model": "easy_thumbnails.thumbnail", "pk": 74, "fields": {"storage_hash": "f9bde26a1556cd667f742bd34ec7c55e", "name": "filer_public_thumbnails\\filer_public/1d/9c/1d9c6856-03e9-4ca0-8d84-9a1a60f352d0\\group_16.png__160x160_crop_subsampling-2.png", "modified": "2024-05-14T16:40:45.125Z", "source": 14}}, {"model": "easy_thumbnails.thumbnail", "pk": 75, "fields": {"storage_hash": "f9bde26a1556cd667f742bd34ec7c55e", "name": "filer_public_thumbnails\\filer_public/1d/9c/1d9c6856-03e9-4ca0-8d84-9a1a60f352d0\\group_16.png__210x79_subsampling-2_upscale.png", "modified": "2024-05-14T16:42:33.163Z", "source": 14}}, {"model": "easy_thumbnails.thumbnail", "pk": 76, "fields": {"storage_hash": "f9bde26a1556cd667f742bd34ec7c55e", "name": "filer_public_thumbnails\\filer_public/1d/9c/1d9c6856-03e9-4ca0-8d84-9a1a60f352d0\\group_16.png__420x158_subsampling-2_upscale.png", "modified": "2024-05-14T16:42:33.288Z", "source": 14}}, {"model": "easy_thumbnails.thumbnail", "pk": 77, "fields": {"storage_hash": "f9bde26a1556cd667f742bd34ec7c55e", "name": "filer_public_thumbnails\\filer_public/1d/c3/1dc376b4-1d1f-4b2c-8af9-67a4170b413b\\image_3.png__180x180_crop_subsampling-2_upscale.png", "modified": "2024-05-21T19:36:40.981Z", "source": 15}}, {"model": "easy_thumbnails.thumbnail", "pk": 78, "fields": {"storage_hash": "f9bde26a1556cd667f742bd34ec7c55e", "name": "filer_public_thumbnails\\filer_public/1d/c3/1dc376b4-1d1f-4b2c-8af9-67a4170b413b\\image_3.png__80x80_crop_subsampling-2.png", "modified": "2024-05-21T19:37:15.071Z", "source": 15}}, {"model": "easy_thumbnails.thumbnail", "pk": 79, "fields": {"storage_hash": "f9bde26a1556cd667f742bd34ec7c55e", "name": "filer_public_thumbnails\\filer_public/1d/c3/1dc376b4-1d1f-4b2c-8af9-67a4170b413b\\image_3.png__160x160_crop_subsampling-2.png", "modified": "2024-05-21T19:37:15.085Z", "source": 15}}, {"model": "easy_thumbnails.thumbnail", "pk": 80, "fields": {"storage_hash": "f9bde26a1556cd667f742bd34ec7c55e", "name": "filer_public_thumbnails\\filer_public/1d/c3/1dc376b4-1d1f-4b2c-8af9-67a4170b413b\\image_3.png__120.0x150.0_subsampling-2.png", "modified": "2024-05-21T19:37:24.120Z", "source": 15}}, {"model": "easy_thumbnails.thumbnail", "pk": 81, "fields": {"storage_hash": "f9bde26a1556cd667f742bd34ec7c55e", "name": "filer_public_thumbnails\\filer_public/49/02/4902ab38-ea68-498a-af1d-a00d593912db\\image_3.png__180x180_crop_subsampling-2_upscale.png", "modified": "2024-05-21T19:56:11.755Z", "source": 16}}, {"model": "easy_thumbnails.thumbnail", "pk": 82, "fields": {"storage_hash": "f9bde26a1556cd667f742bd34ec7c55e", "name": "filer_public_thumbnails\\filer_public/a2/0c/a20c2279-b3a0-4e15-96c3-cffa941093ce\\.png__180x180_crop_subsampling-2_upscale.png", "modified": "2024-05-21T19:56:33.360Z", "source": 17}}, {"model": "easy_thumbnails.thumbnail", "pk": 83, "fields": {"storage_hash": "f9bde26a1556cd667f742bd34ec7c55e", "name": "filer_public_thumbnails\\filer_public/a2/0c/a20c2279-b3a0-4e15-96c3-cffa941093ce\\.png__120.0x150.0_subsampling-2.png", "modified": "2024-05-21T19:56:36.482Z", "source": 17}}, {"model": "easy_thumbnails.thumbnail", "pk": 84, "fields": {"storage_hash": "f9bde26a1556cd667f742bd34ec7c55e", "name": "filer_public_thumbnails\\filer_public/a2/0c/a20c2279-b3a0-4e15-96c3-cffa941093ce\\.png__80x80_crop_subsampling-2.png", "modified": "2024-05-21T19:57:23.485Z", "source": 17}}, {"model": "easy_thumbnails.thumbnail", "pk": 85, "fields": {"storage_hash": "f9bde26a1556cd667f742bd34ec7c55e", "name": "filer_public_thumbnails\\filer_public/a2/0c/a20c2279-b3a0-4e15-96c3-cffa941093ce\\.png__160x160_crop_subsampling-2.png", "modified": "2024-05-21T19:57:23.500Z", "source": 17}}, {"model": "easy_thumbnails.thumbnail", "pk": 86, "fields": {"storage_hash": "f9bde26a1556cd667f742bd34ec7c55e", "name": "filer_public_thumbnails\\filer_public/77/f9/77f93426-76c9-4eb5-8b1f-a4ba23353a43\\__.jpg__180x180_q85_crop_subsampling-2_upscale.jpg", "modified": "2024-05-21T20:12:41.688Z", "source": 18}}, {"model": "easy_thumbnails.thumbnail", "pk": 87, "fields": {"storage_hash": "f9bde26a1556cd667f742bd34ec7c55e", "name": "filer_public_thumbnails\\filer_public/77/f9/77f93426-76c9-4eb5-8b1f-a4ba23353a43\\__.jpg__120.0x150.0_q85_subsampling-2.jpg", "modified": "2024-05-21T20:12:43.888Z", "source": 18}}, {"model": "easy_thumbnails.thumbnail", "pk": 88, "fields": {"storage_hash": "f9bde26a1556cd667f742bd34ec7c55e", "name": "filer_public_thumbnails\\filer_public/e9/d2/e9d20622-dedc-456d-8f03-6af368ca9c48\\__.jpg__180x180_q85_crop_subsampling-2_upscale.jpg", "modified": "2024-05-21T20:45:08.733Z", "source": 19}}, {"model": "easy_thumbnails.thumbnail", "pk": 89, "fields": {"storage_hash": "f9bde26a1556cd667f742bd34ec7c55e", "name": "filer_public_thumbnails\\filer_public/e9/d2/e9d20622-dedc-456d-8f03-6af368ca9c48\\__.jpg__120.0x150.0_q85_subsampling-2.jpg", "modified": "2024-05-21T20:45:13.152Z", "source": 19}}, {"model": "easy_thumbnails.thumbnail", "pk": 90, "fields": {"storage_hash": "f9bde26a1556cd667f742bd34ec7c55e", "name": "filer_public_thumbnails\\filer_public/e9/d2/e9d20622-dedc-456d-8f03-6af368ca9c48\\__.jpg__80x80_q85_crop_subsampling-2.jpg", "modified": "2024-05-21T20:45:25.789Z", "source": 19}}, {"model": "easy_thumbnails.thumbnail", "pk": 91, "fields": {"storage_hash": "f9bde26a1556cd667f742bd34ec7c55e", "name": "filer_public_thumbnails\\filer_public/e9/d2/e9d20622-dedc-456d-8f03-6af368ca9c48\\__.jpg__160x160_q85_crop_subsampling-2.jpg", "modified": "2024-05-21T20:45:25.800Z", "source": 19}}, {"model": "easy_thumbnails.thumbnail", "pk": 92, "fields": {"storage_hash": "f9bde26a1556cd667f742bd34ec7c55e", "name": "filer_public_thumbnails\\filer_public/09/eb/09eb01f4-aecc-465d-9d1f-787cf820ae5e\\__.jpg__180x180_q85_crop_subsampling-2_upscale.jpg", "modified": "2024-05-21T21:34:53.430Z", "source": 20}}, {"model": "easy_thumbnails.thumbnail", "pk": 93, "fields": {"storage_hash": "f9bde26a1556cd667f742bd34ec7c55e", "name": "filer_public_thumbnails\\filer_public/09/eb/09eb01f4-aecc-465d-9d1f-787cf820ae5e\\__.jpg__120.0x150.0_q85_subsampling-2.jpg", "modified": "2024-05-21T21:34:55.602Z", "source": 20}}, {"model": "easy_thumbnails.thumbnail", "pk": 94, "fields": {"storage_hash": "f9bde26a1556cd667f742bd34ec7c55e", "name": "filer_public_thumbnails\\filer_public/07/5e/075e01ad-43bc-4040-ab3a-f820ec402e1e\\__.jpg__180x180_q85_crop_subsampling-2_upscale.jpg", "modified": "2024-05-21T22:03:20.017Z", "source": 21}}, {"model": "easy_thumbnails.thumbnail", "pk": 95, "fields": {"storage_hash": "f9bde26a1556cd667f742bd34ec7c55e", "name": "filer_public_thumbnails\\filer_public/07/5e/075e01ad-43bc-4040-ab3a-f820ec402e1e\\__.jpg__150.0x200.0_q85_subsampling-2.jpg", "modified": "2024-05-21T22:03:21.683Z", "source": 21}}, {"model": "easy_thumbnails.thumbnail", "pk": 96, "fields": {"storage_hash": "f9bde26a1556cd667f742bd34ec7c55e", "name": "filer_public_thumbnails\\filer_public/3e/4b/3e4b4c3a-a3fd-476f-9443-0f9314899c8b\\__jpg.jpg__180x180_q85_crop_subsampling-2_upscale.jpg", "modified": "2024-05-21T22:24:08.292Z", "source": 22}}, {"model": "easy_thumbnails.thumbnail", "pk": 97, "fields": {"storage_hash": "f9bde26a1556cd667f742bd34ec7c55e", "name": "filer_public_thumbnails\\filer_public/3e/4b/3e4b4c3a-a3fd-476f-9443-0f9314899c8b\\__jpg.jpg__120.0x150.0_q85_subsampling-2.jpg", "modified": "2024-05-21T22:24:09.475Z", "source": 22}}, {"model": "easy_thumbnails.thumbnail", "pk": 98, "fields": {"storage_hash": "f9bde26a1556cd667f742bd34ec7c55e", "name": "filer_public_thumbnails\\filer_public/c7/39/c7398ad6-f3d7-49ce-9039-badd7f22d72f\\__.jpg__180x180_q85_crop_subsampling-2_upscale.jpg", "modified": "2024-05-21T22:55:49.369Z", "source": 23}}, {"model": "easy_thumbnails.thumbnail", "pk": 99, "fields": {"storage_hash": "f9bde26a1556cd667f742bd34ec7c55e", "name": "filer_public_thumbnails\\filer_public/c7/39/c7398ad6-f3d7-49ce-9039-badd7f22d72f\\__.jpg__120.0x150.0_q85_subsampling-2.jpg", "modified": "2024-05-21T22:55:50.766Z", "source": 23}}, {"model": "easy_thumbnails.thumbnail", "pk": 100, "fields": {"storage_hash": "f9bde26a1556cd667f742bd34ec7c55e", "name": "filer_public_thumbnails\\filer_public/db/01/db016f2c-dd81-4910-8a03-79a437ba1b69\\__.jpg__180x180_q85_crop_subsampling-2_upscale.jpg", "modified": "2024-05-22T05:58:23.614Z", "source": 24}}, {"model": "easy_thumbnails.thumbnail", "pk": 101, "fields": {"storage_hash": "f9bde26a1556cd667f742bd34ec7c55e", "name": "filer_public_thumbnails\\filer_public/db/01/db016f2c-dd81-4910-8a03-79a437ba1b69\\__.jpg__120.0x150.0_q85_subsampling-2.jpg", "modified": "2024-05-22T05:58:25.249Z", "source": 24}}, {"model": "easy_thumbnails.thumbnail", "pk": 102, "fields": {"storage_hash": "f9bde26a1556cd667f742bd34ec7c55e", "name": "filer_public_thumbnails\\filer_public/0f/16/0f16463e-63a9-413b-8ddd-eacff169b02c\\__.jpg__180x180_q85_crop_subsampling-2_upscale.jpg", "modified": "2024-05-22T06:14:15.098Z", "source": 25}}, {"model": "easy_thumbnails.thumbnail", "pk": 103, "fields": {"storage_hash": "f9bde26a1556cd667f742bd34ec7c55e", "name": "filer_public_thumbnails\\filer_public/0f/16/0f16463e-63a9-413b-8ddd-eacff169b02c\\__.jpg__120.0x150.0_q85_subsampling-2.jpg", "modified": "2024-05-22T06:14:16.506Z", "source": 25}}, {"model": "bootstrap4_picture.bootstrap4picture", "pk": 43, "fields": {"template": "default", "picture": 17, "external_picture": null, "width": null, "height": null, "alignment": "", "caption_text": "", "attributes": {}, "link_url": null, "link_page": null, "link_target": "", "link_attributes": {}, "use_automatic_scaling": true, "use_no_cropping": false, "use_crop": false, "use_upscale": false, "use_responsive_image": "inherit", "thumbnail_options": null, "picture_fluid": true, "picture_rounded": false, "picture_thumbnail": false}}, {"model": "bootstrap4_picture.bootstrap4picture", "pk": 53, "fields": {"template": "default", "picture": 18, "external_picture": null, "width": null, "height": null, "alignment": "", "caption_text": "", "attributes": {}, "link_url": null, "link_page": null, "link_target": "", "link_attributes": {}, "use_automatic_scaling": true, "use_no_cropping": false, "use_crop": false, "use_upscale": false, "use_responsive_image": "inherit", "thumbnail_options": null, "picture_fluid": true, "picture_rounded": false, "picture_thumbnail": false}}, {"model": "bootstrap4_picture.bootstrap4picture", "pk": 64, "fields": {"template": "default", "picture": 17, "external_picture": null, "width": null, "height": null, "alignment": "", "caption_text": "", "attributes": {}, "link_url": null, "link_page": null, "link_target": "", "link_attributes": {}, "use_automatic_scaling": true, "use_no_cropping": false, "use_crop": false, "use_upscale": false, "use_responsive_image": "inherit", "thumbnail_options": null, "picture_fluid": true, "picture_rounded": false, "picture_thumbnail": false}}, {"model": "bootstrap4_picture.bootstrap4picture", "pk": 73, "fields": {"template": "default", "picture": 18, "external_picture": null, "width": null, "height": null, "alignment": "", "caption_text": "", "attributes": {}, "link_url": null, "link_page": null, "link_target": "", "link_attributes": {}, "use_automatic_scaling": true, "use_no_cropping": false, "use_crop": false, "use_upscale": false, "use_responsive_image": "inherit", "thumbnail_options": null, "picture_fluid": true, "picture_rounded": false, "picture_thumbnail": false}}, {"model": "bootstrap4_picture.bootstrap4picture", "pk": 80, "fields": {"template": "default", "picture": 19, "external_picture": null, "width": null, "height": null, "alignment": "", "caption_text": "", "attributes": {}, "link_url": null, "link_page": null, "link_target": "", "link_attributes": {}, "use_automatic_scaling": true, "use_no_cropping": false, "use_crop": false, "use_upscale": false, "use_responsive_image": "inherit", "thumbnail_options": null, "picture_fluid": true, "picture_rounded": false, "picture_thumbnail": false}}, {"model": "bootstrap4_picture.bootstrap4picture", "pk": 87, "fields": {"template": "default", "picture": 19, "external_picture": null, "width": null, "height": null, "alignment": "", "caption_text": "", "attributes": {}, "link_url": null, "link_page": null, "link_target": "", "link_attributes": {}, "use_automatic_scaling": true, "use_no_cropping": false, "use_crop": false, "use_upscale": false, "use_responsive_image": "inherit", "thumbnail_options": null, "picture_fluid": true, "picture_rounded": false, "picture_thumbnail": false}}, {"model": "bootstrap4_picture.bootstrap4picture", "pk": 94, "fields": {"template": "default", "picture": 20, "external_picture": null, "width": null, "height": null, "alignment": "", "caption_text": "", "attributes": {}, "link_url": null, "link_page": null, "link_target": "", "link_attributes": {}, "use_automatic_scaling": true, "use_no_cropping": false, "use_crop": false, "use_upscale": false, "use_responsive_image": "inherit", "thumbnail_options": null, "picture_fluid": true, "picture_rounded": false, "picture_thumbnail": false}}, {"model": "bootstrap4_picture.bootstrap4picture", "pk": 103, "fields": {"template": "default", "picture": 20, "external_picture": null, "width": null, "height": null, "alignment": "", "caption_text": "", "attributes": {}, "link_url": null, "link_page": null, "link_target": "", "link_attributes": {}, "use_automatic_scaling": true, "use_no_cropping": false, "use_crop": false, "use_upscale": false, "use_responsive_image": "inherit", "thumbnail_options": null, "picture_fluid": true, "picture_rounded": false, "picture_thumbnail": false}}, {"model": "bootstrap4_picture.bootstrap4picture", "pk": 110, "fields": {"template": "default", "picture": 21, "external_picture": null, "width": null, "height": null, "alignment": "", "caption_text": "", "attributes": {}, "link_url": null, "link_page": null, "link_target": "", "link_attributes": {}, "use_automatic_scaling": true, "use_no_cropping": false, "use_crop": false, "use_upscale": false, "use_responsive_image": "inherit", "thumbnail_options": null, "picture_fluid": true, "picture_rounded": false, "picture_thumbnail": false}}, {"model": "bootstrap4_picture.bootstrap4picture", "pk": 117, "fields": {"template": "default", "picture": 21, "external_picture": null, "width": null, "height": null, "alignment": "", "caption_text": "", "attributes": {}, "link_url": null, "link_page": null, "link_target": "", "link_attributes": {}, "use_automatic_scaling": true, "use_no_cropping": false, "use_crop": false, "use_upscale": false, "use_responsive_image": "inherit", "thumbnail_options": null, "picture_fluid": true, "picture_rounded": false, "picture_thumbnail": false}}, {"model": "bootstrap4_picture.bootstrap4picture", "pk": 124, "fields": {"template": "default", "picture": 22, "external_picture": null, "width": null, "height": null, "alignment": "", "caption_text": "", "attributes": {}, "link_url": null, "link_page": null, "link_target": "", "link_attributes": {}, "use_automatic_scaling": true, "use_no_cropping": false, "use_crop": false, "use_upscale": false, "use_responsive_image": "inherit", "thumbnail_options": null, "picture_fluid": true, "picture_rounded": false, "picture_thumbnail": false}}, {"model": "bootstrap4_picture.bootstrap4picture", "pk": 131, "fields": {"template": "default", "picture": 22, "external_picture": null, "width": null, "height": null, "alignment": "", "caption_text": "", "attributes": {}, "link_url": null, "link_page": null, "link_target": "", "link_attributes": {}, "use_automatic_scaling": true, "use_no_cropping": false, "use_crop": false, "use_upscale": false, "use_responsive_image": "inherit", "thumbnail_options": null, "picture_fluid": true, "picture_rounded": false, "picture_thumbnail": false}}, {"model": "bootstrap4_picture.bootstrap4picture", "pk": 138, "fields": {"template": "default", "picture": 23, "external_picture": null, "width": null, "height": null, "alignment": "", "caption_text": "", "attributes": {}, "link_url": null, "link_page": null, "link_target": "", "link_attributes": {}, "use_automatic_scaling": true, "use_no_cropping": false, "use_crop": false, "use_upscale": false, "use_responsive_image": "inherit", "thumbnail_options": null, "picture_fluid": true, "picture_rounded": false, "picture_thumbnail": false}}, {"model": "bootstrap4_picture.bootstrap4picture", "pk": 147, "fields": {"template": "default", "picture": 23, "external_picture": null, "width": null, "height": null, "alignment": "", "caption_text": "", "attributes": {}, "link_url": null, "link_page": null, "link_target": "", "link_attributes": {}, "use_automatic_scaling": true, "use_no_cropping": false, "use_crop": false, "use_upscale": false, "use_responsive_image": "inherit", "thumbnail_options": null, "picture_fluid": true, "picture_rounded": false, "picture_thumbnail": false}}, {"model": "bootstrap4_picture.bootstrap4picture", "pk": 156, "fields": {"template": "default", "picture": 24, "external_picture": null, "width": null, "height": null, "alignment": "", "caption_text": "", "attributes": {}, "link_url": null, "link_page": null, "link_target": "", "link_attributes": {}, "use_automatic_scaling": true, "use_no_cropping": false, "use_crop": false, "use_upscale": false, "use_responsive_image": "inherit", "thumbnail_options": null, "picture_fluid": true, "picture_rounded": false, "picture_thumbnail": false}}, {"model": "bootstrap4_picture.bootstrap4picture", "pk": 172, "fields": {"template": "default", "picture": 25, "external_picture": null, "width": null, "height": null, "alignment": "", "caption_text": "", "attributes": {}, "link_url": null, "link_page": null, "link_target": "", "link_attributes": {}, "use_automatic_scaling": true, "use_no_cropping": false, "use_crop": false, "use_upscale": false, "use_responsive_image": "inherit", "thumbnail_options": null, "picture_fluid": true, "picture_rounded": false, "picture_thumbnail": false}}, {"model": "bootstrap4_picture.bootstrap4picture", "pk": 183, "fields": {"template": "default", "picture": 25, "external_picture": null, "width": null, "height": null, "alignment": "", "caption_text": "", "attributes": {}, "link_url": null, "link_page": null, "link_target": "", "link_attributes": {}, "use_automatic_scaling": true, "use_no_cropping": false, "use_crop": false, "use_upscale": false, "use_responsive_image": "inherit", "thumbnail_options": null, "picture_fluid": true, "picture_rounded": false, "picture_thumbnail": false}}, {"model": "bootstrap4_picture.bootstrap4picture", "pk": 192, "fields": {"template": "default", "picture": 24, "external_picture": null, "width": null, "height": null, "alignment": "", "caption_text": "", "attributes": {}, "link_url": null, "link_page": null, "link_target": "", "link_attributes": {}, "use_automatic_scaling": true, "use_no_cropping": false, "use_crop": false, "use_upscale": false, "use_responsive_image": "inherit", "thumbnail_options": null, "picture_fluid": true, "picture_rounded": false, "picture_thumbnail": false}}]